<http.client.HTTPResponse object at 0x000001CDA8BEC2E8>|Die kommunalen Museen in Nordrhein-Westfalen bekommen mehr Geld für Ankäufe. In diesem Jahr können die rund 80 kommunalen Häuser mit 1,5 Millionen Euro aus Landesmitteln für Ankäufe rechnen, einer Million Euro mehr als noch im vergangenen Jahr, wie Kulturministerin Isabel Pfeiffer-Poensgen (parteilos) am Montag in Düsseldorf mitteilte. Auch der Ausstellungsetat der kommunalen Museen steigt in diesem Jahr von rund 1,5 Millionen um 200 000 Euro, im kommenden Jahr sind es weitere 500 000 Euro.Die landeseigene Kunstsammlung NRW erhält einen eigenständigen Ankaufsetat von einer Million Euro, 2019 wird die Summe verdoppelt. Eine Ensembleförderung soll die Freie Musikszene erstmals systematisch fördern in NRW, bislang geschah dies über einzelne Projekte.Der landesweite Kulturetat beträgt in diesem Jahr insgesamt 224 Millionen Euro. Bis 2022 sollen die Mittel schrittweise auf 300 Millionen Euro jährlich steigen.
<http.client.HTTPResponse object at 0x000001CDA8BC9748>|"Der Filmkunstpreis des 14. Festivals des deutschen Films geht an ""Murot und das Murmeltier"" von Regisseur Dietrich Brüggemann. Die Auszeichnung wurde am Samstag in Ludwigshafen verliehen. Die Jury begründete ihre Wahl damit, dass der ""Tatort""-Film ""phantasiereich und klug inszeniert, dramaturgisch raffiniert, voller Witz und Abwechslung"" sei. Als Vorbild diente demnach der US-Streifen ""Und täglich grüßt das Murmeltier"" um einen in einer Zeitschleife gefangenen Mann. Brüggemann habe die Geschichte ""in voller künstlerischer Freiheit"" für einen Fernsehfilm und das Krimigenre adaptiert.""Lobende Erwähnungen"" der Jury fanden zudem ""Styx"" von Wolfgang Fischer und ""Wer hat eigentlich die Liebe erfunden?"" von Kerstin Polte. Der Medienkulturpreis ging an ""Frankfurt, Dezember 17"" (Petra K. Wagner/Fernsehspielredaktion des Hessischen Rundfunks). Der Publikumspreis ""Rheingold"" wurde Regisseur Hans Weingartner für seinen Film ""303"" verliehen.Für den mit 20 000 Euro dotierten Filmkunstpreis waren 13 Filme nominiert. Das Festival in der pfälzischen Stadt hatte am 22. August begonnen. Insgesamt wurden 78 Filme gezeigt. Die Filmschau lockte im vergangenen Jahr mehr als 100 000 Gäste an und ist damit Direktor Michael Kötz zufolge das besucherstärkste Festival in Deutschland nach der Berlinale."
<http.client.HTTPResponse object at 0x000001CDA8BC9C50>|"Die Dresdner bleiben ihrem Kaiser treu: Binnen einer halben Stunde waren am Mittwoch die Karten für die vier ""Kaisermania""-Konerte von Roland Kaiser 2019 ausverkauft, wie die Konzertagentur Semmel Concerts mitteilte. Der Schlagerstar wird am ersten und zweiten Augustwochenende während der Filmnächte am Elbufer spielen. Insgesamt werden dazu fast 50 000 Fans erwartet.Der 66-jährige Kaiser ist laut seiner Agentur schwer beeindruckt von dem Zuspruch. ""Ich kann es kaum glauben und bin mehr als dankbar für das Vertrauen, das mir die Menschen in Dresden und auch deutschlandweit seit so vielen Jahren entgegenbringen. Ich freue mich schon sehr auf die 16. Kaisermania in meinem wunderschönen Dresden"", erklärte der Sänger."
<http.client.HTTPResponse object at 0x000001CDA8BE0320>|"Auch am zweiten Tag des von Klimaaktivisten angekündigten ""Wochenende des Widerstands"" im Hambacher Forst ist die Situation zunächst friedlich geblieben. ""Die Lage ist unverändert ruhig"", sagte ein Sprecher der Aachener Polizei am Sonntag. Die Beamten seien am Forst präsent. Auch die Rodungsgegner meldeten keine Zwischenfälle. In Bonn kletterten Aktivisten am Morgen auf einen Baukran und rollten ein Transparent mit der Aufschrift ""Hambi bleibt"" aus. Noch am Vormittag zogen sie nach Polizeiangaben mit dem Plakat wieder ab.Das Waldgebiet liegt im Südosten des rheinischen Tagebaus Hambach und gilt als Symbol des Widerstands gegen die Braunkohle. Für Sonntag wurden Hunderte Unterstützer zu einer Führung durch den Forst erwartet. Am Morgen hätten sich bereits zahlreiche Menschen zu dem für 11.30 Uhr geplanten sogenannten Waldspaziergang eingefunden, sagte der Umweltschützer und Naturführer Michael Zobel.Die Aktivisten hatten vor dem Wochenende angekündigt, sich aus Protest gegen die Rodungspläne des Energiekonzerns RWE erneut auf den Weg in das Braunkohlerevier zu machen. Hintergrund sind Aufräumaktionen von RWE am Mittwoch und Donnerstag. Mitarbeiter hatten unter starkem Polizeischutz Barrikaden, Möbelstücke und vieles mehr aus dem Wald abtransportiert, den Aktivisten in Baumhäusern besetzt haben.RWE ist Besitzer des Waldes und will in dem Forst für den Braunkohle-Abbau roden. Der Konzern darf mit der umstrittenen Abholzung frühestens im Oktober beginnen."
<http.client.HTTPResponse object at 0x000001CDA8BC8908>|Bei einem Streit mit zwei unbekannten Männern sind in Nordhausen drei junge Flüchtlinge aus Afghanistan schwer verletzt worden. Nach Zeugenaussagen hatten die Männer die Jugendlichen am Freitagabend vor dem Kino attackiert und dabei einen ein 16-Jährigen und einen 17-Jährigen schwer im Gesicht verletzt, wie die Polizei am Samstag mitteilte. Ein 18-Jähriger sei bei der Auseinandersetzung gestürzt und war laut Zeugen kurz bewusstlos. Die drei Afghanen wurden zur ärztlichen Behandlung in ein Krankenhaus gebracht. Die Polizei fahndet nach den beiden unbekannten Männern und bittet Zeugen, sich zu melden. Die Ursache des Streits war noch unklar.Der Rettungsdienst war wegen eingegangener Notrufe kurz vor 22.00 Uhr mit mehreren Rettungswagen vor Ort. Auch die Polizei sei zunächst wegen der zunächst unklaren Situation mit mehreren Streifenwagen im Einsatz gewesen. Zahlreiche Zeugen, die das Geschehen aus eingier Entfernung beobachten hatten, meldeten sich.
<http.client.HTTPResponse object at 0x000001CDA6F897F0>|"Saisonstart bei spätsommerlichen Temperaturen: Bereits im September können Weihnachtsliebhaber in diesem Jahr mit dem Einkauf von stimmungsvollen Dekorationsartikeln beginnen. ""Jeder versucht, auf diesen Hype aufzuspringen, und es fängt immer früher an"", sagte der zuständige Experte des Kölner Instituts für Handelsforschung (IFH), Uwe Krüger. Für die Weihnachtsdekoration seien viele Verbraucher zunehmend bereit, mehr Geld auszugeben, wenn auch mit nur moderaten Zuwächsen.Rund 240 Millionen Euro wurden 2016 nach Berechnungen des IFH in Deutschland für weihnachtliche Dekoartikel und elektrische schnurgebundene Lichterketten ausgegeben."
<http.client.HTTPResponse object at 0x000001CDAC3B2390>|Brandenburgs Regierungschef Dietmar Woidke (SPD) ist am Samstag zu einer Reise nach China aufgebrochen. Dabei wird er neben Peking auch die Brandenburger Partnerprovinz Hebei besuchen. Hebei umschließt Peking so wie Brandenburg Berlin. Allerdings hat die Region Hebei fast so viele Einwohner wie ganz Deutschland. Woidke wird begleitet unter anderem von Landtagspräsidentin Britta Stark.Schwerpunkt der Reise ist der Ausbau der Wirtschafts- und Wissenschaftsbeziehungen. Organisiert von der Wirtschaftsförderung Brandenburg ist eine Delegation von Vertretern aus 22 Firmen und Wissenschaftseinrichtungen in China mit dabei. Sie kommen aus den Bereichen Energie- und Umwelttechnik, Verkehr, Logistik und Eisenbahntechnologie. Mit Präsentationen und Kooperationsbörsen wollen sie für Brandenburg als Wirtschaftsstandort werben. Geplant ist die Unterzeichnung von mehreren Kooperationsvereinbarungen zwischen den Firmen aus beiden Ländern.Auch der Jugendaustausch spielt eine Rolle. Dabei ist auch eine Delegation der Brandenburgischen Sportjugend, die bereits mit der Beijing Youth Federation zusammenarbeitet.
<http.client.HTTPResponse object at 0x000001CDA92BF9B0>|Das Handelsunternehmen Arko übernimmt die Süßwarenkette Hussel zum 1. Oktober. Über den Kaufpreis mit dem Finanzinvestor Emeram Capital Partners sei Stillschweigen vereinbart worden, teilten beide Seiten am Freitag mit. Die Hussel-Geschäfte werden nach Angaben einer Sprecherin unter ihrem bisherigen Namen weitergeführt. Die Mitarbeiter würden übernommen.2016 hatte Arko bereits vom Kaffeeröster Darboven 35 Fachgeschäfte der Marke Eilles übernommen. Durch den Zusammenschluss der drei Marken Arko, Eilles und Hussel soll den Angaben zufolge Europas größtes Confiserie-Fachhandelsunternehmen mit rund 2000 Mitarbeitern sowie 450 Standorten in Deutschland, Österreich, Tschechien und Portugal entstehen.Das Wahlstedter Unternehmen Arko betreibt mehr als 200 Filialen in Deutschland - vor allem im Norden und Osten - und beschäftigt etwa 850 Mitarbeiter. Hussel wurde 1949 in Hagen gegründet und ist mit 210 Filialen mit Schwerpunkt im Süden und Westen Deutschlands vertreten. Das Unternehmen hat knapp 1200 Mitarbeiter.
<http.client.HTTPResponse object at 0x000001CDAC0A5B00>|Im Handelskonflikt zwischen den USA und China könnte von heute an eine neue Welle von Sonderzöllen heranrollen.Um 6.00 Uhr MESZ (0.00 Uhr/Ortszeit Washington) ist eine Frist abgelaufen, binnen derer die Öffentlichkeit Eingaben zu den geplanten US-Zöllen auf Warenimporte aus China im Wert von bis zu 200 Milliarden Dollar machen kann.Es wäre die bisher weitreichendste Maßnahme in dem von den USA geführten Handelskonflikt, von dem neben China auch zahlreiche Nachbarn und Verbündete betroffen sind.Präsident Donald Trump hatte angedeutet, dass er so schnell wie möglich mit der Verhängung der Zölle beginnen will und China in mehreren Reden immer wieder der unfairen Handelspraktiken bezichtigt. Peking hat bereits angekündigt, mit Zöllen auf US-Waren im Wert von 60 Milliarden Dollar reagieren zu wollen. Sollte Trump die volle Höhe von 200 Milliarden Dollar ausschöpfen, würden die USA - zusammen mit den bereits verhängten Sonderzöllen auf Waren im Wert von 50 Milliarden Dollar - insgesamt für die Hälfte aller Importe aus China Extrazölle verlangen.Die Handelspolitik Trumps ist auch intern umstritten. Die Verhängung von Zöllen hat nach Angaben der Statistikbehörden bisher nicht zu dem Ziel geführt, die US-Handelsbilanz auszugleichen. Im Juli war das Handelsdefizit laut offizieller Statistik sogar noch größer geworden - unter anderem weil der mit chinesischen Einfuhrzöllen belegte Export von Sojabohnen zurückging.
<http.client.HTTPResponse object at 0x000001CDAC11AE80>|"US-Präsident Donald Trump möchte die Suche nach dem Maulwurf in der eigenen Regierung an höchster Stelle ansiedeln: Nach seinem Willen sollte US-Justizminister Jeff Sessions den Fall untersuchen.Das sagte Trump am Freitag nach Angaben mitreisender Reporter an Bord der Regierungsmaschine Air Force One. Es gehe hier um eine Frage nationaler Sicherheit, betonte er. Die ""New York Times"" hatte am Mittwoch den anonymen Beitrag eines Regierungsvertreters veröffentlicht, der in drastischen Worten mit dem Präsidenten ins Gericht ging und erklärte, es gebe einen Kreis von Regierungsmitarbeitern, die ihre Aufgabe darin sähen, Trump am Schlimmsten zu hindern. Das Weiße Haus ist seitdem in Aufruhr.Trump hatte auch die Zeitung scharf angegriffen für diesen Schritt. Auf die Frage, ob er gegen das Blatt vorgehen wolle, sagte Trump, das habe er noch nicht entschieden. Mit Blick auf den Autor selbst sagte Trump, es könne niemand sehr Hochrangiges sein. Schließlich hätten schon alle hochrangigen Regierungsvertreter gesagt, dass sie es nicht gewesen seien. Falls es doch jemand aus dieser Ebene sei, würde es sehr hart, falls derjenige erwischt würde.Nach der Veröffentlichung des Textes hatten sich zahlreiche Regierungsmitglieder in einer bislang 
        nie da gewesenen Polit-Show bemüßigt gefühlt, ihre Unschuld zu beteuern. Der bei Trump in Ungnade gefallene Justizminister Sessions, der auch Generalstaatsanwalt ist, tat dies ebenso wie Außenminister Mike Pompeo, UN-Botschafterin Nikki Haley und Vizepräsident Mike Pence.
      Trump sagte mit Blick auf den Maulwurf in den eigenen Reihen, er wolle nicht, dass so jemand an vertraulichen Besprechungen, etwa zur Außenpolitik, im Weißen Haus teilnehmen könne. Deshalb werde genau untersucht, welche Zugänge die Person hatte und wo sie sich derzeit aufhalte. Trump war am Freitag auf dem Weg zu mehreren Wahlkampfauftritte wegen der anstehenden Halbzeitwahlen im November.Bei einem vorherigen Wahlkampfauftritt am Donnerstagabend (Ortszeit) in Billings im US-Bundesstaat Montana hatte Trump die ""New York Times"" erneut aufgerufen, den Namen des Autors offenzulegen - ""um der nationalen Sicherheit willen"". Das Blatt berichtete am Freitag unter Berufung auf einen Regierungsberater, im Weißen Haus kursiere eine Liste mit den Namen von zwölf Personen, die als mögliche Autoren des Gastbeitrages in Frage kämen.Die Zeitung ist in dem Fall selbst in die Kritik geraten, weil sie den 
        Beitrag entgegen journalistischer Regeln anonym veröffentlichte. Das Blatt bezeichnet den Autor als ""senior official"", womit viele Regierungsmitarbeiter gemeint sein können. Unklar ist also, wie hochrangig der Autor tatsächlich ist. Klar ist aber, dass er ein verheerendes Bild von Trumps Weißem Haus zeichnet - wie zuvor schon der Pulitzer-Preisträger Bob Woodward.
      Am Dienstag waren erste Auszüge von Woodwards neuem Buch über die Trump-Präsidentschaft veröffentlicht worden, das am kommenden Dienstag erscheint. Auch in dem Buch werden Zweifel daran geweckt, ob der Präsident eigentlich die Kontrolle im Weißen Haus hat.Trump selbst bezeichnete das Buch Woodwards als Irreführung. ""So, wie ich zitiert wurde, ist gar nicht meine Art zu sprechen"", schrieb Trump am Freitag auf Twitter. ""Wenn ich das tun würde, wäre ich nicht zum Präsidenten gewählt worden."" Die Äußerungen seien erfunden.Ex-US-Präsident Barack Obama äußerte sich besorgt über die jüngsten Entwicklungen. ""Die Behauptung, dass alles gut wird, weil es Leute im Inneren des Weißen Hauses gibt, die heimlich den Anweisungen des Präsidenten nicht folgen - das ist keine Kontrolle"", sagte Obama bei einer Ansprache vor Studenten im US-Bundesstaat Illinois. ""Das ist nicht, wie unsere Demokratie funktionieren soll."" Diese Menschen seien nicht gewählt. ""Sie erweisen uns keinen Dienst, indem sie 90 Prozent des verrückten Zeugs vorantreiben, das aus diesem Weißen Haus kommt, und dann sagen: 'Keine Sorge, wir verhindern die anderen 10 Prozent.'"" Das sei nicht normal. ""Das sind außergewöhnliche Zeiten"", mahnte er, ""und es sind gefährliche Zeiten."""
<http.client.HTTPResponse object at 0x000001CDA93DF3C8>|"Nach dem Beschluss der Deutschen Börse zur Aufnahme von Wirecard in den Dax ist die Aktie des Zahlungsabwicklers weiter gestiegen.Das Papier kletterte am Donnerstag vorübergehend um gut drei Prozent auf 188 Euro, büßte aber bis Handelsende einen Teil des Tagesgewinns wieder ein. Letztlich legten die Aktien im TecDax um 1,3 Prozent zu.In den Wochen davor waren die Anteile von Wirecard schon von Rekord zu Rekord geeilt, der Börsenwert der Münchner erreichte knapp 21 Milliarden Euro. Der Konzern will nun nach einer Reihe von Zukäufen stärker aus eigener Kraft wachsen.Wirecard wickelt digitale Zahlungen für Firmenkunden ab, bietet Risikoabsicherungen für Händler, verkauft seine Dienste an Dritte und ist mit seiner Zahl-App ""boon"" auch im Markt für mobiles Zahlen per Smartphone aktiv. Die Bayern arbeiten mit Google und Apple zusammen, die ihre Zahldienste in Deutschland groß machen wollen.Bereits vor rund zwei Monaten war über den Sprung von Wirecard in die erste Börsenliga spekuliert worden, am Mittwochabend wurde dies von der Deutschen Börse bestätigt. Maßgeblich für die Zugehörigkeit zum Kreis der 30 Dax-Konzerne sind Börsenumsatz (Handelsvolumen) und Börsenwert (Marktkapitalisierung) der Unternehmen.Bei der Commerzbank, die Wirecard am 24. September weichen muss und in den Mittelwerte-Index MDax absteigt, ging es indes abwärts. Die Aktie verlor knapp 2,3 Prozent und zählte zu den größten Verlierern. Die Bank kann wegen ihres gesunkenen Börsenwertes nach Streubesitz von knapp 8,4 Milliarden Euro nicht länger in der ersten Liga spielen.Die Commerzbank gehört zu den Gründungsmitgliedern im 30 Jahre alten deutschen Leitindex. Der Vorstandsvorsitzende Martin Zielke wird so der erste Chef der Bank, in dessen Amtszeit der Konzern nicht mehr im Dax vertreten ist. Der Manager äußerte sich zuletzt betont gelassen dazu: ""Für unsere Kunden, für unser Geschäft ändert sich damit überhaupt nichts.""Die Mitgliedschaft im Dax hat vor allem symbolischen Wert. Bei der Dekabank hieß es, die Index-Änderungen lieferten aber auch ""ein schonungsloses Spiegelbild für die sich im Laufe der Zeit verändernde Industriestruktur"". Wichtig sind sie aber auch für Fonds, die Indizes eins zu eins nachbilden (ETFs). Sie müssen umschichten, was meist den Kurs von Index-Aufsteigern stützt und Aktien von Absteigern belastet.Wirecard will nun das Tempo für Zukäufe von Übernahmen drosseln. Mit dem Kauf des US-Kartendienstes Citi Prepaid Card Services sei das Unternehmen auf allen relevanten Kontinenten vertreten, sagte Finanzvorstand Alexander von Knoop der Deutschen Presse-Agentur. ""Wir werden uns nun auf Wachstum aus eigener Kraft und Innovationen konzentrieren und Zukäufe nur opportunistisch sehen."" Wirecard hatte in den vergangen Jahren viele Firmen gerade in Schwellenländern wie Indonesien und Südafrika gekauft. Im ersten Halbjahr 2018 waren Zukäufe für fast die Hälfte des Umsatzwachstums verantwortlich.Für das Ziel, den Wirecard-Umsatz bis 2020 mehr als zu verdoppeln, werde der Konzern auch neue Branchen stärker in den Blick nehmen, sagte von Knoop. Zahlungsabwicklungen für Streaming-Dienste etwa seien attraktiv. Zudem stützten Dienste rund um digitale Zahlungen wie Risikomanagement und Datenanalyse, digitale Banking-Lösungen und Loyalitätsprogramme das Wachstum."
<http.client.HTTPResponse object at 0x000001CDA938FDD8>|"Der Handelsstreit zwischen den USA und China dürfte die Wirtschaft weltweit nach Einschätzung des Bundesverbands der Deutschen Industrie (BDI) über Jahre hinweg belasten. BDI-Vizepräsident Thomas Bauer sieht die Entwicklung als hoch riskant an.""Jeder Strafzoll, jede Handelsbeschränkung in der Welt hat einen massiven Einfluss auf den Welthandel insgesamt"", sagte er der Finanz-Nachrichtenagentur dpa-AFX am Dienstag. Dies wirke sich auf Dauer auf alle aus - wenn auch unterschiedlich schnell. Denn Handelsbeschränkungen führten generell dazu, dass sich der Wirtschaftskreislauf verlangsame.Während der Konflikt zwischen den USA und China schon dabei war zu eskalieren, verhängte US-Präsident Donald Trump Ende Mai Strafzölle auf Stahl und Aluminium gegen die Europäische Union und viele andere Staaten. Hinzu kamen Sanktionen gegen den Iran und Russland. ""Was Trump macht, ist ein gefährliches Spiel auf allerhöchstem Niveau"", sagte Bauer. Dies alles zusammen werde die weltweite Wirtschaftsentwicklung in den kommenden zehn Jahren beeinflussen.Das vom BDI-Vize geleitete Tiefbau-Unternehmen Bauer ist zwar nicht von den US-Strafzöllen betroffen, aber von den erst jüngst verhängten Sanktionen gegen den Iran. Neben dem Tiefbaugeschäft entwickelt und fertigt die Bauer AG aus dem oberbayerischen Schrobenhausen auch Maschinen für den Spezialtiefbau-Markt.""Wir können in dieses Land momentan nicht exportieren, obwohl wir Kunden haben, die gern von uns Baumaschinen kaufen wollen"", sagte Bauer. Das Geschäft mit dem Iran sei zwar nicht groß - ""aber auch die Promille machen am Ende das Geschäft gut oder schlecht"".Auch die angekündigte Schützenhilfe der EU für Unternehmen, die mit dem Iran Handel treiben, kann laut Bauer nichts an der Situation ändern. Die EU hat ein Abwehrgesetz in Kraft gesetzt, mit dem Firmen für mögliche Verluste Entschädigung von den USA verlangen können. Für viele Unternehmen hat dieses Gesetz indes eher Symbolcharakter. Sie haben ihre Aktivitäten in dem Land trotzdem auf Eis gelegt.""Wenn die Amerikaner unser Geschäft in ihrem Land schließen, weil wir als Konzern im Iran Handel betreiben, dann kann uns die EU auch nicht helfen"", betonte Bauer. Der Schaden sei groß. ""Der Hebelarm, den die Amerikaner haben, ist so stark, dass man nichts dagegen setzen kann."""
<http.client.HTTPResponse object at 0x000001CDB7C27B00>|"Nach den tödlichen Schüssen auf einen Intensivtäter aus einer arabischstämmigen Großfamilie will die Berliner Polizei Racheakte verhindern.Man habe ""exzellente Szenekenntnisse"", doch Gewaltexzesse ließen sich nicht immer verhindern, sagte der Leiter der Abteilung Organisierte Kriminalität im Landeskriminalamt, Sebastian Laudan, am Montag im Innenausschuss des Abgeordnetenhauses.In dem konkreten Fall stünden die Ermittlungen erst am Anfang. ""Wir müssen Licht ins Dunkel bringen."" Das Tatmotiv war noch unklar - zu hören waren aber Spekulationen über Rivalitäten konkurrierender Familien und persönliche Rache.Nidal R. war am Sonntag gegen 17.40 Uhr im Berliner Stadtteil Neukölln niedergeschossen worden, wo er mit seiner Familie unterwegs war. Anschließend flüchteten laut Polizei mehrere Menschen mit einem Auto vom Tatort. Zeugen alarmierten Polizei und Rettungskräfte. Der Angeschossene wurde am Tatort reanimiert und in ein Krankenhaus gebracht, wo er seinen schweren Verletzungen erlag.Von der Polizei hieß es zur Identität des Opfers nur, der Mann sei im Libanon geboren. Vor dem Krankenhaus, in das der angeschossenen Mann gebracht worden war, hatte sich am Sonntagabend eine aufgebrachte Menge versammelt. Mit einem Großaufgebot bewachte die Polizei das Gebäude.Nidal R. soll bereits im Alter von zehn Jahren erste Straftaten verübt haben, war damals aber noch strafunmündig. Seit seinem 15. Lebensjahr stand er immer wieder vor Gericht. Anklagen lauteten auf Körperverletzung, Raub, Bedrohung, Nötigung, Drogendelikte sowie Fahren ohne Führerschein, Gefährdung des Straßenverkehrs und Unfallflucht. Eine Abschiebung in den Libanon scheiterte 2004 wegen ungeklärter Staatsbürgerschaft."
<http.client.HTTPResponse object at 0x000001CDB1D215F8>|"Im Kampf gegen zu viele Diesel-Abgase in deutschen Städten gibt es Streit über rechtliche Möglichkeiten, die Hersteller zu Hardware-Nachrüstungen bei älteren Autos zu verpflichten.Eine von der Bundesregierung beauftragte Expertengruppe konnte dazu ""keine einheitliche Positionierung"" erreichen, wie es in einem neuen Entwurf des Abschlussberichts heißt. Die Mehrheit der Experten sieht demnach keine Möglichkeit dafür, da bei der Erteilung der Typgenehmigung die Anforderungen erfüllt worden seien und die Wagen sich ""rechtmäßig im Verkehr befinden"". Dagegen erkennen einzelne Länder und Verbände ""rechtliche Anknüpfungspunkte"" für eine solche Verpflichtung, heißt es in dem Papier, das der Deutschen Presse-Agentur vorliegt.Die Arbeitsgruppe war neben anderen nach dem Dieselgipfel von Politik und Autobranche im Sommer 2017 eingesetzt worden. Ergebnisse werden mit Spannung erwartet, da die Bundesregierung seit Monaten uneins bei Hardware-Nachrüstungen ist, die die deutschen Hersteller ablehnen. Umweltministerin Svenja Schulze (SPD) fordert Umbauten an Motoren, um den Schadstoffausstoß über Software-Updates hinaus stärker zu senken. Verkehrsminister Andreas Scheuer (CSU) ist bei Pkws dagegen, will Hardware-Nachrüstungen aber für Kommunalfahrzeuge etwa der Feuerwehr.Grünen-Chefin Annalena Baerbock sagte der dpa, Scheuer solle seine Blockadehaltung gegen Hardware-Nachrüstungen auf Kosten der Hersteller aufgeben. Falls das nicht geschehe, mache er sich ""zum Fahrverbotsminister, da Gerichte weitere Fahrverbote in unseren Innenstädten verhängen werden"". Kanzlerin Angela Merkel (CDU), die ebenfalls Bedenken deutlich gemacht hat, will bis Ende September Klarheit in der Koalition herbeiführen.Zu Möglichkeiten einer Verpflichtung der Hersteller gibt es in dem Entwurf der Expertengruppe von Donnerstag Sondervoten. So könnten auch bei bestandskräftig gewordener Typgenehmigung Nebenbestimmungen ""mit dem Ziel einer verpflichtenden Nachrüstung"" nachträglich angeordnet werden, argumentiert unter anderem Rheinland-Pfalz. Der Verbraucherzentrale Bundesverband schlägt vor, Hersteller zum Angebot einer Nachrüstung an die Autobesitzer zu verpflichten - diese sollten dann in angemessener Frist entscheiden, ob sie teilnehmen.Schätzungen zu Kosten von Hardware-Nachrüstungen gehen laut dem Entwurf weit auseinander. Während spezialisierte Unternehmen von etwa 3000 Euro pro Pkw ausgingen, rechneten Hochschulprofessoren mit Kosten über 5000, teils bis zu 11.000 Euro. Die Schätzungen sind wichtig, weil Union und SPD ihre Haltung zu Hardware-Nachrüstungen laut Koalitionsvertrag davon abhängig machen wollen, ob sie ""technisch möglich und wirtschaftlich vertretbar"" sind.""Grundsätzlich"" halten die Experten den Einbau von SCR-Katalysatoren zur Abgasreinigung mit einer Harnstofflösung für technisch möglich, ""wenn der Bauraum vorhanden ist"", wie es im Berichtsentwurf heißt. Wie stark der Spritverbrauch steigen würde, lasse sich pauschal nicht angeben. Messungen an Prototypen und Aussagen von Experten ließen bis zu 10 Prozent mehr erwarten. Der Ausstoß gesundheitsschädlicher Stickoxide könne um 50 bis 95 Prozent reduziert werden.Der Verband der Automobilindustrie (VDA) schlug vor, Nachrüstungen von einem unabhängigen Prüfinstitut testen zu lassen. ""Wenn ein neutraler Gutachter – wie TÜV oder Dekra – einen Mustereinbau durchführen würde, könnte jeder sehen, dass die Einwände der Hersteller stimmen: Diesel-Hardware-Nachrüstungen sind zwar technisch möglich, aber sehr aufwendig"", sagte VDA-Präsident Bernhard Mattes der ""Frankfurter Allgemeinen Zeitung"" (Samstag)."
<http.client.HTTPResponse object at 0x000001CDACC800B8>|Das Festival Tanztheater International hat in diesem Jahr 2900 Besucher angelockt. Elf Produktionen waren bei der 33. Ausgabe an den zehn Festivaltagen in Hannover zu sehen, darunter drei deutsche Erstaufführungen. Die Auslastung lag nach Veranstalterangaben bei 90 Prozent. Das Festival gibt seit Jahren Einblicke in die Vielfalt des zeitgenössischen Tanzes und zeigt dabei unterschiedliche künstlerische Ansätze. Im kommenden Jahr soll das Tanzfestival voraussichtlich vom 29. August bis 7. September verschiedene Produktionen zeigen.
<http.client.HTTPResponse object at 0x000001CDAC0A5B70>|"Nach einem Übermittlungsfehlers in einem Wahllokal ist das Ergebnis der Schweden-Wahl am Montagabend korrigiert worden.Die rechtspopulistischen Schwedendemokraten gewannen nach neuen Zahlen der Wahlbehörde ein Mandat mehr als bisher gedacht. Dafür büßt die Zentrumspartei, ein Teil der liberal-konservativen Allianz, ein Mandat ein. Der hauchdünne Vorsprung des rot-grünen Blocks vor den Liberal-Konservativen wächst damit auf zwei Mandate an.Der Fehler war nach Angaben der Nachrichtenagentur TT in einem Wahllokal nördlich von Göteborg passiert. Hier verwechselten die Wahlhelfer die Ergebnisse von Reichstags- und Landtagswahl, die am Sonntag parallel liefen, wie die Wahlbehörde sagte.Das Wahlergebnis könnte sich auch am Mittwoch noch einmal leicht ändern. Dann sollen mehrere Zehntausend Briefwahlstimmen vor allem aus dem Ausland ausgezählt sein, die den wackeligen Vorsprung des Lagers von Regierungschef Stefan Löfven noch einmal kippen könnten.Voraussichtlich wird noch lange offenbleiben, wer das Land künftig regieren kann. Die beiden traditionellen Blöcke, Rot-Grün und Liberal-Konservative, liegen nach dem vorläufigen Ergebnis Kopf an Kopf. Der Wahlerfolg der Schwedendemokraten macht zudem selbst die Bildung einer klassischen Minderheitsregierung schwer.Die Sozialdemokraten kündigten an, nach dem Patt eine Regierung führen zu wollen, die über die traditionellen Blockgrenzen hinausgeht. ""Mit welchen Parteien wir sprechen, werden wir versuchen, für uns zu behalten"", sagte Fraktionschef Anders Ygeman. Einzig Gespräche mit den Rechtspopulisten schloss er aus.Klar sei, dass die Sozialdemokraten als größte Partei das Recht für sich beanspruchten, den Ministerpräsidenten zu stellen, sagte Ygeman. ""Das ist der natürliche Ausgangspunkt für die Diskussion.""Der Chef der größten Oppositionspartei, der konservativen Moderaten, reagierte auf Instagram: ""Die Allianz wird sich gemeinsam darum bemühen, das Mandat für die Regierungsbildung zu erhalten"", erklärte Ulf Kristersson. Die ""Allianz"" ist das liberal-konservative Vier-Parteien-Bündnis. Die Partner forderten den sozialdemokratischen Regierungschef Stefan Löfven stattdessen zum Rücktritt auf. Löfven wies das zurück, obwohl seine Partei das schlechteste Wahlergebnis in mehr als 100 Jahren einfuhr.Nun stellt sich die Frage, wie die klassischen Parteien mit den Schwedendemokraten umgehen. Die zählen zwar klar zu den Wahlsiegern, enttäuschten aber dennoch die Erwartungen: Umfrageinstitute hatten sie vor der Wahl mindestens als zweitstärkste Kraft gesehen, teils wurden ihnen mehr als 20 Prozent vorhergesagt.Eine Koalition oder auch nur Zusammenarbeit schließen die großen Parteien bislang aus. Eine stabile Regierung können sie dann aber nur bilden, wenn sich die traditionellen Blöcke auflösen und zusammenarbeiten. Ygeman sagte allerdings, er halte es für völlig ausgeschlossen, dass die Sozialdemokraten eine bürgerliche Minderheitsregierung stützen und dulden könnten.Den Auftrag zur Regierungsbildung vergeben am 24. September Reichstag und Reichstagspräsident. Bis dahin wird sondiert."
<http.client.HTTPResponse object at 0x000001CDACC46390>|Das Landgericht Paderborn wird im Mordprozess um das sogenannte Horrorhaus von Höxter am 5. Oktober ein Urteil sprechen. Das teilte der Vorsitzende Richter Bernd Emminghaus am 58. Verhandlungstag am Dienstag mit. Nach dem Abschluss der Plädoyers haben die beiden Angeklagten Wilfried W. und seine Ex-Frau Angelika W. an diesem Freitag noch die Möglichkeit des letzten Wortes. Die Angeklagte hatte im Vorfeld angekündigt, dafür einen ganzen Tag zu benötigen. Somit muss das Gericht auf den Termin im Oktober ausweichen.
<http.client.HTTPResponse object at 0x000001CDAC5CAC18>|Ein Motorradfahrer hat in Stralsund eine rote Ampel zu spät beachtet und eine Radfahrerin schwer verletzt. Der Polizei zufolge stand die 59-Jährige am Samstagnachmittag mit ihrem Fahrrad auf dem Gehweg an einer Ampel, wo sie auf grünes Licht wartete. Der heranfahrende 52 Jahre alte Motorradfahrer achtete zunächst nicht auf die Ampel und bremste anschließend plötzlich stark ab, wie die Polizei mitteilte. Dabei kippte er um und rutschte mit seinem Motorrad in Richtung des Gehweges, wo er gegen das Rad der Frau stieß. Diese wurde heruntergeschleudert und mit schweren Verletzungen in eine Klinik gebracht. Der Motorradfahrer wurde leicht verletzt.
<http.client.HTTPResponse object at 0x000001CDA7FC6D30>|Eine bislang unbekannte Frau ist in Magdeburg tot aus dem Neustädter See geborgen worden. Zeugen hatten am Montagmorgen den auf dem Wasser treibenden Körper entdeckt, wie die Polizei in Magdeburg mitteilte. Bislang liege keine passende Vermisstenanzeige vor, deshalb sei man an Hinweisen zur Identität der Unbekannten interessiert.Die Frau ist etwa 1,60 bis 1,65 Meter groß, 17 bis 25 Jahre alt und von stabiler Gestalt. Sie hat laut Polizei schwarze, lange, zu einem Zopf gebundene Haare und braune Augen. Die Unbekannte trug blaue Jeans, ein orangefarbenes T-Shirt und eine bräunliche Jacke. Eventuell hat sie einen Migrationshintergrund. Wie die junge Frau zu Tode kam, soll mithilfe einer Obduktion geklärt werden.
<http.client.HTTPResponse object at 0x000001CDA7C876A0>|Die Arbeitslosenquote wird nach der Prognose des Deutschen Instituts für Wirtschaftsforschung (DIW) im kommenden Jahr unter fünf Prozent sinken. Die Ökonomen rechnen mit 4,9 Prozent im Jahresdurchschnitt 2019 und einem weiteren Rückgang auf 4,6 Prozent im Jahr 2020.Das wären dann 2,1 Millionen Arbeitslose nach geschätzten 2,35 Millionen in diesem Jahr.Insgesamt entwickele sich die deutsche Wirtschaft derzeit etwas weniger kräftig als im vergangenen Jahr, sagte der neue DIW-Konjunkturchef Claus Michelsen am Donnerstag in Berlin. Sie setze ihren Wachstumskurs aber fort.Das DIW bestätigte in seiner Herbstprognose weitgehend seine Einschätzung von Mitte Juni. Für das laufende Jahr erwartet es 1,8 Prozent Wachstum in Deutschland. 2019 dürfte das Bruttoinlandsprodukt um 1,7 Prozent steigen und 2020 dann wieder um 1,8 Prozent.
<http.client.HTTPResponse object at 0x000001CDA92CF9B0>|Mit der Hilfe von zwei Autos sind Ganoven in ein Oldenburger Juweliergeschäft eingebrochen und haben große Beute gemacht. Die Unbekannten, laut Zeugen zwei Männer, hätten in der Nacht zum Dienstag vermutlich zunächst mit einem an einem Geländewagen befestigten Drahtseil ein Metallgitter aus der Verankerung gerissen und seien dann mit einem zweiten Auto mehrmals in die Schaufensterfront gefahren, teilte die Polizei mit. Als die Eingangstür des Ladens sich dadurch öffnete, nahm ein Täter Goldschmuck und Uhren aus den Vitrinen.Das Duo flüchtete mit dem größeren Wagen und ließ das durch den Aufprall stark beschädigte andere Auto am Tatort zurück. Zur genauen Schadenshöhe konnten die Beamten zunächst keine Angaben machen. Die Fahndung laufe auf Hochtouren, hieß es.
<http.client.HTTPResponse object at 0x000001CDAC02B128>|"Musiker und Grafiker Klaus Voormann (80) kann die Bezeichnung ""fünfter Beatle"" für seine Person nicht ernst nehmen. Das verriet er bei der Vorstellung seiner Ausstellung ""It started in Hamburg"" am Donnerstag in der Hansestadt.""George Martin, Billy Preston, Stuart Sutcliffe, Pete Best - es gibt so viele fünfte Beatle, da finde ich das ein bisschen albern"", sagte der Künstler, der erst im April mit dem Echo für sein Lebenswerk ausgezeichnet wurde.Voormann kennt die Fab Four seit den gemeinsamen Hamburg-Tagen Anfang der 1960er bestens. Er übernahm die Cover-Gestaltung ihres Albums ""Revolver"" (1966), gewann dafür als erster Deutscher den Grammy und verlor die Beatles auch in der Zeit nach ihrer Auflösung nicht aus den Augen.""Ich habe oft mit ihnen gespielt. Bei George Harrison habe ich lange Zeit gewohnt. John Lennon besuchte ich ständig in New York im Dakota-Building. Und mit Ringo Starr habe ich irrsinnig viel Zeit verbracht."" Zuletzt tat er das im Juni nach dem Hamburg-Konzert von Ringo Starr, bei dem Voormann den ehemaligen Beatles-Drummer mit seinem Bassspiel unterstützte. ""Am Tag danach sind wir noch mal all die alten Plätze an der Reeperbahn abgegangen - Ringo hatte es sich so gewünscht.""Die Werkschau ""Klaus Voormann - It Started In Hamburg"" wird im Rahmen des Reeperbahn Festivals vom 19.-23.9. in einem Zelt auf dem Heiligengeistfeld gezeigt."
<http.client.HTTPResponse object at 0x000001CDAC2CCD68>|Ein Geisterfahrer hat im Burgenlandkreis auf der Autobahn 9 einen schweren Unfall verursacht. Fünf Menschen seien dabei verletzt worden, drei davon schwer, teilte die Polizei in Halle am Dienstagmorgen mit. Der 46 Jahre alte Autofahrer sei am Montagabend an der Anschlussstelle Naumburg in Richtung Berlin auf die Autobahn aufgefahren. Er habe dann aus noch unbekannter Ursache gewendet und sei in die falsche Richtung gefahren.Ein 58 Jahre alter Autofahrer sah ihn zu spät. Die Fahrzeuge stießen auf der mittleren Spur zusammen und wurden zur Seite geschleudert. Das Auto des 58-Jährigen landete auf der linken Spur, wo es von einem weiteren Fahrzeug gestreift wurde.Der 46 Jahre alte Geisterfahrer sowie der 58-jährige Fahrer des zweiten Autos und dessen 58 Jahre alte Beifahrerin kamen schwer verletzt ins Krankenhaus. Der 38 Jahre alte Fahrer des dritten Autos und dessen 32 Jahre alte Beifahrerin wurden bei dem Unfall leicht verletzt. Die A9 war für die Unfallaufnahme und Bergung etwa zweieinhalb Stunden gesperrt.
<http.client.HTTPResponse object at 0x000001CDAC1CF0B8>|"Verkehrsminister Winfried Hermann kann die Aufregung des Tübinger Stadtoberhaupts Boris Palmer (beide Grüne) über angeblich schwarzfahrende Flüchtlinge nicht verstehen. ""Im Großen und Ganzen können wir nicht nachvollziehen, dass das Schwarzfahren von Flüchtlingen so ein gewaltiges Problem wäre, wie Herr Palmer das festgestellt hat"", sagte Hermann der Deutschen Presse-Agentur in Stuttgart. ""Das ist halt so, wenn man aus seiner eigenen Beobachtung eine Statistik macht, liegt man manchmal falsch.""Palmer hatte laut ""Südwest Presse"" im August in einem Brief an Hermanns Amtschef Uwe Lahl geschrieben: Aus ""eigener Erfahrung und vielen Gesprächen mit Zugbegleitern weiß ich, dass in den Nahverkehrszügen im Land in den letzten Jahren die Konflikte schwarzfahrender junger männlicher Flüchtlinge zu einem echten Ärgernis und teilweise zu einem Sicherheitsproblem geworden sind."" Er plädiere dafür, sich in Baden-Württemberg ein Beispiel am Konzept des ""hessischen Flüchtlingstickets"" zu nehmen, so Palmer damals.Hessen hatte 2016 für Flüchtlinge ein Ticket für den öffentlichen Nahverkehr eingeführt. Es gilt in dem Gebiet, in dem die entsprechende Erstaufnahmeeinrichtung ist. Die Kosten für das Ticket werden automatisch vom Taschengeld für die Flüchtlinge abgezogen.Minister Hermann sagte, dass es in Baden-Württemberg in den meisten der 22 Verkehrsverbünde bereits Regelungen für Sondertickets für Asylbewerber gebe. ""Es ist nicht so, dass Flüchtlinge in ganz Hessen mit einem Sonderticket fahren können, sondern nur in ihrem jeweiligen Landkreis. Auch wir haben in Baden-Württemberg solche lokal angepassten Mobilitätslösungen, wie Sozialtickets oder Gutscheine."""
<http.client.HTTPResponse object at 0x000001CDACDF9C50>|Mehrere Tausend Menschen haben am Wochenende gegen Wahlkampfauftritte der AfD-Politikerin Beatrix von Storch in Oberbayern protestiert. Nach Angaben der Polizei hatten sich am Sonntag rund 2000 Menschen aus Protest gegen eine Wahlkampfveranstaltung in Dachau versammelt. Es sei zu keinen Zwischenfällen mit den rund 100 AfD-Anhängern gekommen.Bereits am Samstag waren in München auf dem Marienplatz rund 120 Anhänger der AfD auf etwa 2000 Gegendemonstranten getroffen. Mit Pfiffen, Trommeln und lauten Rufen tönten die AfD-Gegner gegen die Reden der Vizevorsitzenden der AfD-Bundestagsfraktion und anderer Parteivertreter an. Die Polizei sprach von einem weitgehend friedlichen Verlauf, einmal seien Tomaten geflogen.Auch in Schliersee (Landkreis Miesbach) organisierte sich Protest gegen die Rechtspopulisten. Am Samstagabend protestierten nach Behördenangaben bis zu 400 Menschen friedlich gegen einen Auftritt Storchs.
<http.client.HTTPResponse object at 0x000001CDACCA4E48>|Spritztour mit Papas Auto: In Nürnberg ist bei einer Kontrolle ein gerade mal 14 Jahre alter Autofahrer der Polizei ins Netz gegangen. Wie die Beamten am Donnerstag mitteilte, wollten Beamte den Wagen zunächst stoppen, weil er kein Kennzeichen hatte. Der Fahrer drückte aber kräftig auf das Gaspedal und versuchte zu fliehen. Auf einem unbefestigten Weg war die Flucht aber zu Ende.Am Steuer saß zur Überraschung der Polizisten ein 14-Jähriger, auf Beifahrersitz und im Fond vier Kumpels, die er zur Spritztour eingeladen hatte. Den Autoschlüssel habe er in einem unbeobachteten Moment mitgenommen, gestand der Jugendliche. Er wurde angezeigt wegen Fahrens ohne Führerschein. Außerdem war das Auto nicht versichert.
<http.client.HTTPResponse object at 0x000001CDAC4AD080>|"Vier Zeichnungen aus dem Umfeld des Münchner Kunstsammlers Cornelius Gurlitt (1932-2014) sind als NS-Raubkunst nachgewiesen worden. Die vier Werke stammen aus dem Besitz von Gurlitts 2012 verstorbener Schwester Benita Renate.Der jetzige Eigentümer hatte sie freiwillig dem Deutschen Zentrum Kulturgutverluste in Magdeburg zur Überprüfung gegeben und will sie nun an die Erben der einstigen jüdischen Besitzer zurückerstatten, wie das Magdeburger Zentrum am Montag mitteilte.Kulturstaatsministerin Monika Grütters (CDU) dankte dem Eigentümer für seine Entscheidung. ""Es ist ein wichtiger Schritt zur Aufarbeitung des NS-Kunstraubes, dass auch Privatpersonen ihre Verantwortung annehmen und ihre Bestände untersuchen lassen"", erklärte sie.Die Zeichnungen sollen nun in der Ausstellung ""Bestandsaufnahme Gurlitt"" gezeigt werden, die nach Stationen in Bonn und Bern ab Freitag (14. September) im Berliner Martin-Gropius-Bau zu sehen ist.Der spektakuläre Münchner Kunstfund in der Wohnung von Cornelius Gurlitt hatte 2013 international für Aufsehen gesorgt. Viele der Werke stehen im Verdacht, ihren einstigen jüdischen Besitzern von den Nazis geraubt oder abgepresst worden zu sein. Trotz jahrelanger Forschung gab es bisher allerdings nur in wenigen Fällen klare Beweise."
<http.client.HTTPResponse object at 0x000001CDACB48B70>|Nach dem tödlichen Streit in Köthen haben sich rund 500 Menschen an einem sogenannten Trauermarsch beteiligt. Rechte Gruppierungen hatten in sozialen Netzwerken dazu aufgerufen. Vorher hatten rund 50 Menschen gegen rechte Hetze demonstriert. Nach einem Streit war in Köthen ein 22 Jahre alter Deutscher gestorben. Die Polizei nahm zwei 18- und 20-Jährige Afghanen fest und ermittelt gegen sie wegen Körperverletzung mit Todesfolge beziehungsweise Körperverletzung. Der Mann starb laut Obduktion an Herzversagen.
<http.client.HTTPResponse object at 0x000001CDA9241BE0>|Zum fünften Todestag von Erich Loest bekommt der frühere Schriftsteller eine Gedenktafel in Leipzig. Loests Witwe Linde Rotta und Oberbürgermeister Burkhard Jung (SPD) würden die Tafel am Mittwoch gemeinsam enthüllen, teilte die Stadt am Dienstag mit. Sie wird an dem Wohnhaus angebracht, in dem der Schriftsteller bis zu seinem Tod lebte. Laut Stadt stiftete Loests Witwe die Tafel.Loest war 2013 im Alter von 87 Jahren nach einem Fenstersturz in Leipzig gestorben. In seinen Werken beschäftigte er sich oft mit der deutschen Teilung und der Wiedervereinigung, daher gilt Loest als ein Chronist der deutsch-deutschen Geschichte. Seit 1996 ist er Ehrenbürger Leipzigs.
<http.client.HTTPResponse object at 0x000001CDAC898160>|"Der Trend zur Elektromobilität führt nach einer Studie nicht zum befürchteten Verlust Tausender Arbeitsplätze in der Thüringer Automobilindustrie. Bis zum Jahr 2030 könnten durch neue Produkte und Märkte sogar bis zu 5000 neue Arbeitsplätze entstehen, heißt es in der Untersuchung, die am Montag bei einem Wirtschaftskongress in Weimar vorgestellt wurde. Dem ständen etwa 4000 weniger Jobs vor allem bei der Fertigung von Teilen sowie Verbrennungsmotoren gegenüber. Zu diesem Ergebnis kommt das Chemnitz Automotive Institute nach der Untersuchung von 172 Zulieferern für das Thüringer Wirtschaftsministerium.Minister Wolfgang Tiefensee (SPD) erklärte, die Chancen seien größer als die Risiken durch die Veränderungen. Die Branchenvereinigung ""automotive Thüringen"" war im vergangenen Jahr noch vom Verlust von bis zu einem Drittel der Jobs ausgegangen, weil E-Autos mit deutlich weniger Bauteilen auskommen als klassische Fahrzeuge. Die Automobilindustrie ist die umsatzstärkste Industriebranche im Freistaat. Fahrzeughersteller und Zulieferer erwirtschafteten im ersten Halbjahr nach Zahlen des Statistischen Landesamtes einen Umsatz von mehr als 2,3 Milliarden Euro."
<http.client.HTTPResponse object at 0x000001CDAC7191D0>|"Erst tötete er seine langjährige Freundin, dann verbrachte er die Nacht mit seiner Geliebten - später verbrannte er die Leiche an einem Badesee. Ein 33-Jähriger hat die Tat am Montag vor dem Landgericht München I gestanden, einen Vorsatz aber bestritten. Es sei ""keine Absicht"" gewesen, sondern ""ein schreckliches Unglück"".Die Staatsanwaltschaft wirft ihm Mord vor. Der Deutsche soll seine aus Leipzig stammende Lebensgefährtin vor rund einem Jahr im Streit um seine Affäre im gemeinsamen Münchner Reihenhaus erdrosselt, ihre Leiche dann im Keller deponiert und danach am Feringasee am Rande der bayerischen Landeshauptstadt verbrannt haben.Die Berichte von Staatsanwaltschaft und dem Angeklagten decken sich weitgehend für die Zeit vor und nach der Tat. Für die Tat selbst aber gibt es zwei Versionen: Seine Freundin kam früher als erwartet von einer Dienstreise nach Hause und entdeckte dort das Gepäck einer anderen Frau. Es kam zum Streit.Nach der Tat ging er mit seiner Geliebten aus Prag aus, die zu Besuch in der Stadt war. Die Nacht verbrachten sie gemeinsam. Er brachte ihr Frühstück ans Bett, während seine Lebensgefährtin tot im Keller lag. Am nächsten Tag fuhren die beiden zum Schloss Neuschwanstein. Ihr erzählte er, seine Lebensgefährtin sei vor einigen Monaten bei einem Autounfall ums Leben gekommen.Um seine Tat zu vertuschen - das gab der Angeklagte zu - verschickte er Handy-Nachrichten vom Telefon seiner Freundin an sich selbst, ihre Mutter und Freunde. Sich selbst schrieb er: ""Komme jetzt heim zu meinem Kuschelkuchen."" Als der Staatsanwalt diesen Teil der Anklage verlas, schaute die Mutter der Toten den Angeklagten an und sagte leise: ""Du Schwein"". Sie verfolgt den Prozess als Nebenklägerin.Dann aber unterscheiden sich die Darstellungen der Abläufe der eigentlichen Tat: Laut Staatsanwaltschaft entschloss der Mann sich im Streit, seine Freundin zu töten, stach auf sie ein und erdrosselte sie schließlich mit einer Plastiktüte.Der Angeklagte dagegen bestritt vor Gericht, eine Waffe benutzt zu haben. Und die Tüte habe er ihr erst über den Kopf gezogen, als sie schon tot war. Das Paar habe im Streit miteinander gerungen, er habe die 35-Jährige im Schwitzkasten gehabt. Gemeinsam seien sie umgefallen. ""Nach dem Sturz lag sie regungslos auf mir."" Wie genau das passiert sei, wisse er nicht. Das Landgericht München I hat zehn Verhandlungstage angesetzt, um herauszufinden, welche Version stimmt.""Ich kann auch ein Jahr danach nicht fassen, was passiert ist"", las der Angeklagte aus einer vorbereiteten Erklärung vor. ""Ich verabscheue mich selbst."" Er wünsche sich, die Tat ungeschehen zu machen. Nachfragen ließ er auf Anraten seines Anwaltes nicht zu. Gegebenenfalls könnten einige aber schriftlich beantwortet werden. Dafür sagte er schon einmal, wie er sich ein Leben nach der Haft vorstellen könnte: Er werde dann womöglich nach Berlin gehen, ""weil ich hier wahrscheinlich keine Zukunft mehr habe""."
<http.client.HTTPResponse object at 0x000001CDA8BDEB00>|Der Dax ist daran gescheitert, die psychologisch wichtige Marke von 12.000 Punkten zurückzuerobern. Inzwischen kämpft er um die Schwelle von 11.900 Punkten. Vor allem die Aussicht auf einen schwachen Börsenstart in den USA setzt dem deutschen Leitindex aktuell zu.Am Nachmittag büßte das Börsenbarometer 0,60 Prozent auf 11.914,53 Punkte ein und knüpfte damit an seinen mehr als dreiprozentigen Verlust aus der ersten September-Woche an. Der MDax, der Index der mittelgroßen Werte, gab am Dienstag um 0,42 Prozent auf 26.228,87 Punkte nach. Der TecDax verlor 0,24 Prozent auf 2902,07 Zähler. Der EuroStoxx 50 sank um 0,45 Prozent.Unternehmensseitig rückten im Leitindex erneut die Versorgeraktien auf die vorderen Plätze. Sie profitierten von einer positiven Studie der US-Investmentbank Morgan Stanley zur europäischen Branche. Analystin Carolina Dores erklärte dabei das RWE-Papier, das zuletzt um 0,2 Prozent zulegte, zu ihrem Favoriten. Die Eon-Aktie als Spitzenwert im Dax gewann 1,0 Prozent.Die Aktie von Fresenius zählte mit plus 0,2 Prozent ebenfalls zu den gefragten Werten. Eine Aufsichtsbehörde in den USA stellte beim Generikahersteller Akorn Datenintegritätsprobleme fest, was Händlern zufolge dem deutschen Medizinkonzern in die Karten spielen dürfte. Fresenius hatte die milliardenschwere Übernahme des US-Unternehmens wegen derlei Gründen abgeblasen.Nach Verkehrszahlen für August fiel die Aktie der Lufthansa um 1,3 Prozent. Die Fluggesellschaft enttäuschte vor allem im Frachtgeschäft.Eine negative Studie der französischen Bank Exane BNP belastete das Bayer-Papier. Als Schlusslicht im deutschen Leitindex fiel es zeitweise unter 70 Euro und damit auf den tiefsten Stand seit Februar 2013. Zuletzt gab es um 3,0 Prozent auf 70,30 Euro nach. Analystin Luisa Hector warnt davor, dass es nicht nur mit Blick auf Monsantos strittigen Unkrautvernichter Glyphosat Risiken beim deutschen Chemie- und Pharmakonzern gebe. Daher nahm sie ihre Kaufempfehlung zurück.Im MDax stieg der Anteilsschein der Aareal Bank um 1,9 Prozent und eroberte damit die Index-Spitze. Analysten lobten den Schritt des Gewerbeimmobilien-Finanzierers, die sich in der Abwicklung befindende Düsseldorfer Hypothekenbank zu übernehmen.K+S indes zählten mit minus 3,0 Prozent zu den größten Verlierern im MDax. Bei 17,61 Euro sackten sie zeitweise auf den tiefsten Stand seit Oktober 2016. Wegen der extremen Trockenheit fährt der Dünger- und Salzkonzern seine Produktion an seinem zweiten Standort in Hessen herunter. Am 27. August hatte dieses Schicksal bereits den Standort Wintershall ereilt.Am Rentenmarkt stieg die Umlaufrendite von 0,25 Prozent am Vortag auf 0,26 Prozent. Der Rentenindex Rex fiel um 0,05 Prozent auf 140,87 Punkte. Der Bund-Future verlor 0,17 Prozent auf 159,47 Punkte. Der Euro wurde am Nachmittag zu 1,1575 US-Dollar gehandelt, nachdem er zwischenzeitlich bis auf 1,1644 Dollar geklettert war. Die Europäische Zentralbank hatte den Referenzkurs am Montag auf 1,1571 Dollar festgesetzt.
<http.client.HTTPResponse object at 0x000001CDA8BDDD30>|Die Inflation ist in Sachsen-Anhalt konstant geblieben: Binnen eines Jahres stiegen die Preise im August im Schnitt um 1,6 Prozent, wie das Statistische Landesamt am Dienstag mitteilte. Das war der gleiche Wert wie im Vormonat. Im Vergleich zum Juli waren Waren und Dienstleistungen im Land 0,1 Prozent teurer. Bundesweit hatte die Inflation im August bei 2,0 Prozent gelegen.Auswirkungen auf die Teuerungsrate hatte im vergangenen Monat auch das heiße Sommerwetter. So stiegen die Preise für Getränke wegen der großen Nachfrage teils deutlich. Frucht- und Gemüsesäfte kosteten 10,4 Prozent mehr als im Vorjahr, Mineralwasser verteuerte sich um 2,7 Prozent. Auch für Obst und Gemüse mussten die Verbraucher mehr Geld ausgeben: Äpfel waren 22,5 Prozent teurer, Kopf- oder Eisbergsalat sogar 42,4 Prozent.Auch die Preisentwicklung an den Tankstellen trieb die Inflation an: Superbenzin war rund 12 Prozent teurer als vor einem Jahr, Diesel sogar mehr als 13 Prozent. Günstiger als im Vorjahr waren dagegen Strom (minus 1,3 Prozent) und Gas (minus 1,1 Prozent).Die Europäische Zentralbank strebt für den Euroraum eine Teuerungsrate von knapp 2,0 Prozent an. Dauerhaft niedrige Preise gelten als Gefahr für das Wirtschaftswachstum, weil Verbraucher wie Unternehmen Investitionen aufschieben könnten.
<http.client.HTTPResponse object at 0x000001CDA7FE7278>|"Berlin (dpa/bb) – Acht Jahre lang wurde ein kleines Mädchen in Berlin-Reinickendorf Opfer des eigenen Vaters. Drei Monate nach seiner Verhaftung hat der 33-Jährige vor dem Landgericht gestanden. Die sexuellen Übergriffe hätten begonnen, als das Kind vier Jahre alt war, gab der damalige Sicherheitsmitarbeiter am Montag zu Prozessbeginn zu. Ob es mehr oder weniger als die 30 angeklagten Taten waren, könne er nicht sagen. Er sei bei allen Fällen alkoholisiert gewesen.Der Vater muss sich wegen schweren sexuellen Missbrauchs und schwerer sexueller Nötigung verantworten. ""Wenn sie nicht wollte, dann war ich sauer und habe sie ignoriert"", erklärte der Mann. Er habe dem Mädchen keine Gewalt angedroht. Sätze wie ""wenn das jemand erfährt, hast du keinen Papa mehr"" seien aber gefallen. Bei den letzten Übergriffen habe er das Mädchen auch veranlasst, sich an das Bett fesseln zu lassen. ""Wenn ich nicht so viel getrunken hätte, wäre das alles nicht passiert.""Zu den meisten Taten sei es gekommen, wenn die Mutter den Hund ausführte. Nach jedem Missbrauch habe er dem Mädchen versprochen: ""Diesmal ist es das letzte Mal."" Er habe gemerkt, dass das Kind immer verschlossener wurde. Allerdings nehme er an, dass das Mädchen nicht seine leibliche Tochter sei.Die Schülerin soll sich mit knapp zwölf Jahren der Mutter offenbart haben. Bis heute sei sie in psychologischer Behandlung, hieß es am Rande des Prozess. Die Verhandlung geht am  21. September weiter."
<http.client.HTTPResponse object at 0x000001CDA7BD4DD8>|An Rhein, Mosel und Saar bleibt es in den kommenden Tagen bei spätsommerlichen Temperaturen. Die Höchstwerte von 27 Grad am Sonntag in der Eifel werden am Montag mit bis zu 28 Grad sogar noch getoppt, wie der Deutsche Wetterdienst (DWD) in Offenbach am Samstag mitteilte. Auch am Dienstag und den nachfolgenden Tagen stehen mit jeweils über 25 Grad Sommertage im meteorologischen Herbst an.Dazu bleibt es bei Sonnenschein, der oft nur von lockeren Wolken etwas getrübt wird, trocken. In den Nächten kühlt es auf Werte zwischen 9 und 13 Grad ab.Die Temperaturprognose des Deutschen Wetterdienstes verspricht auch weiter angenehme Temperaturen: Mindestens bis zum Beginn des letzten September-Drittels liegen die Tageshöchstwerte demnach immer um die 26 Grad.
<http.client.HTTPResponse object at 0x000001CDACB48CC0>|War es ein Brudermord? Kurz nachdem am Montagabend die Polizei in Schwäbisch Gmünd einen 40 Jahre alten Mann tot hinter einem Mehrfamilienhaus gefunden hat, wurde drinnen sein Bruder festgenommen. Wie Polizei und Staatsanwaltschaft am Dienstag mitteilten, steht der 48-Jährige unter dringendem Tatverdacht, am Montagabend seinen Bruder erschossen zu haben. Er habe sich widerstandslos festnehmen lassen. Ob und wie er sich möglicherweise zu den Vorwürfen geäußert hat, ist bisher nicht bekannt.Die Polizei war am Montagabend zu einem Mehrfamilienhaus gerufen worden. Mehrere Notrufe seien eingegangen, hieß es. Zunächst war laut Polizei von Streitigkeiten im Haus die Rede. Bei einem weiteren Notruf hieß es dann, dass auch ein Schuss gefallen sei. Wenig später sei ein 40-jähriger Mann hinter dem Mehrfamilienhaus leblos am Boden liegend gefunden worden, hieß es weiter. Ein Notarzt konnte nur noch seinen Tod feststellen.Der ältere Bruder, der im selben Mehrfamilienhaus wohnt, habe bei seiner Festnahme eine Pistole dabei gehabt. Die Tatwaffe? Das sei noch nicht geklärt, berichtete ein Sprecher der Polizei in Aalen. Der Bruder des Toten haben keinerlei Widerstand geleistet. Um die Todesursache genau zu klären, wurde die Obduktion der Leiche angeordnet. Spezialisten der Kriminaltechnik sicherten Spuren. Die Staatsanwaltschaft wurde in die Ermittlungen einbezogen. Das Opfer und der mutmaßliche Täter sind türkischstämmige Deutsche.
<http.client.HTTPResponse object at 0x000001CDA7FE7B00>|Weil Bundesprogramme auslaufen, plant Sachsen-Anhalt Änderungen für die Finanzierung und Entwicklung des öffentlichen Nahverkehrs. Details des neuen Gesetzes stellt Verkehrsminister Thomas Webel (CDU) heute nach der Sitzung des Kabinetts in Magdeburg vor. Für Investitionen in den Busverkehr soll jährlich ein zweistelliger Millionenbetrag zur Verfügung stehen. Vorgesehen ist auch, dass die Fahrtkostenzuschüsse für Auszubildende künftig aus Landesmitteln gezahlt werden.
<http.client.HTTPResponse object at 0x000001CDAC282128>|Ein 24-jähriger Motorradfahrer ist bei Rechtmehring (Landkreis Mühldorf am Inn) tödlich verunglückt. Wie die Polizei am Montag mitteilte, war der Fahrer am Vorabend aus zunächst ungeklärter Ursache in einer Kurve gestürzt. Dabei schlitterte er über die Straße und stieß mit dem Kopf an einen Baum. Trotz sofortiger Reanimationsmaßnahmen starb der Mann noch Ort und Stelle.
<http.client.HTTPResponse object at 0x000001CDAC2CCB38>|"Im Kampf gegen Fahrverbote und schmutzige Luft bleibt Bundesverkehrsminister Andreas Scheuer trotz neuer Töne aus der CDU bei seiner Ablehnung von Hardware-Nachrüstungen an Diesel-Pkw.Im Bundestag sagte der CSU-Politiker, die Hardware der Abgasreinigung werde schon nachgerüstet, ""wo es wirklich sinnvoll ist"" - bei Bussen, Müllfahrzeugen, Feuerwehren, Straßenreinigungen. Um das Thema werde es weiter Streit geben, sagte Scheuer voraus. Bisher laufen Updates der Motorsoftware von 6,3 Millionen Dieselautos. Kritiker gehen davon aus, dass das nicht ausreicht, um weitere Fahrverbote zu verhindern, weil die Luft in vielen Städten zu sehr mit Stickoxiden belastet ist.Am Vortag hatte Kanzlerin Angela Merkel (CDU) nach Teilnehmerangaben in einer Sitzung der Unionsfraktion gesagt, sie werde sich um die Nachrüstung von Dieselfahrzeugen kümmern. Das Thema spiele im hessischen Landtagswahlkampf eine Rolle, die Bürger stellten viele Fragen. In Frankfurt am Main droht nach einem Gerichtsurteil ein Fahrverbot für ältere Diesel, am 28. Oktober wird in Hessen gewählt. CDU-Generalsekretärin Annegret Kramp-Karrenbauer sagte, es solle ""dort, wo es sinnvoll und machbar ist, und auch schnell machbar ist"", über Hardware-Nachrüstungen gesprochen werden.Bereits im Sommer hatte Merkel eine Entscheidung im September angekündigt. Sie wird im Rahmen der Haushaltsdebatte am Mittwoch im Bundestag sprechen.Bundesumweltministerin Svenja Schulze (SPD), die schon länger Hardware-Nachrüstungen auf Kosten der Autobauer fordert, zeigte sich erfreut: ""Die Zahl der Verbündeten dafür steigt jeden Tag"", sagte sie. ""Ich hoffe, dass das so weiter geht, damit die Bundesregierung schon bald mit vereinten Kräften die Automobilindustrie in die Verantwortung nehmen kann."" Auch Grüne, FDP und Linke im Bundestag fordern Hardware-Nachrüstungen, die AfD ist dagegen.Es gehe nicht um flächendeckende Nachrüstungen, sondern um eine regionale Lösung für Dieselfahrer, die konkret von Fahrverboten betroffen seien, sagte SPD-Fraktionsvize Sören Bartol im Bundestag. Falls die Kanzlerin nicht in der Lage sei, eine Entscheidung herbeizuführen, müsse der Bundestag die Bundesregierung zum Handeln auffordern.Das Bundesverkehrsministerium bekräftigte am Dienstag seine Argumente gegen technische Nachrüstungen am Motor. In einer Berechnung des Hauses heißt es, nur in jedem dritten Diesel-Pkw der Abgasnorm Euro 5 sei genug Bauraum dafür vorhanden. Damit seien nur rund zwei Millionen dieser Fahrzeuge nachrüstbar. Zudem dauerten allein die Vorbereitungen dafür mindestens zwei Jahre. Daher seien die laufenden Software-Updates an 6,3 Millionen Diesel der Normen Euro 5 und Euro 6 wirksamer als die Hardware-Lösung. Dabei geht das Ministerium für Hardware-Nachrüstungen von einer Minderung des Stickoxid-Ausstoßes um 65 Prozent aus, für Software-Updates von 30 Prozent.""Das ist Unsinn"", sagte Umweltexperte Axel Friedrich, der für die Deutsche Umwelthilfe als Sachverständiger arbeitet, der dpa. Software-Updates bräuchten ""wenn wir Glück haben"" zehn bis elf Prozent Minderung, da sie bei kühleren Temperaturen wirkungslos seien. Hardware-Nachrüstungen dagegen hätten bei Tests für bis zu 95 weniger Stickoxide gesorgt.Grünen-Fraktionsvize Oliver Krischer nannte die Berechnungen des Bundesverkehrsministers ""eine Frechheit"" und eine ""bewusste Täuschung der Öffentlichkeit"". Hardware-Nachrüstungen könnten schnell und günstig für die meisten Euro-5-Modelle angeboten werden - dafür gebe es von Zulieferern und von den Autobauern selbst erprobte Systeme. ""Wo ein Wille ist, kann die Hardware-Nachrüstungen in wenigen Monaten gestartet werden."" Die verkehrspolitische Sprecherin der Linken im Bundestag, Ingrid Remmers, kritisierte die Rechnung aus Scheuers Ministerium als ""abenteuerlich"". ""Die technische Nachrüstung auf Kosten der Hersteller bleibt notwendig"", sagte sie."
<http.client.HTTPResponse object at 0x000001CDA93C4780>|Ein Brand in einem Wohnhaus hat einen Schaden von schätzungsweise 180 000 Euro verursacht. Das Einfamilienhaus in Hannover sei zudem derzeit nicht bewohnbar, teilte die Polizei am Dienstag mit. Eine Anwohnerin hatte am Montag gegen 21 Uhr die Rettungskräfte gerufen, nachdem ein Passant sie auf das Feuer im Nachbarhaus aufmerksam gemacht hatte. Obwohl die Feuerwehr schnell anrückte, beschädigte der Brand das Dachgeschoss des sich derzeit im Umbau befindlichen Hauses erheblich. Die Ermittler gehen davon aus, dass das Feuer durch Lötarbeiten, die am Nachmittag durchgeführt worden waren, entstand. Verletzt wurde bei dem Feuer niemand.
<http.client.HTTPResponse object at 0x000001CDAC78AC88>|Zwei mit einer Pistole bewaffnete Täter haben in Saarbrücken ein Spielcasino überfallen und dabei Geld erbeutet. Polizeiangaben zufolge kamen die Räuber am frühen Dienstagmorgen an dem Casino im Stadtbezirk Dudweiler an. Vor dem Gebäude hielten sich eine Angestellte und ein Kunde auf, sie wurden von den zwei maskierten Männern mit einer schwarzen Pistole bedroht und gezwungen, in das Casino zu gehen.Dort forderten die Täter die Herausgabe von Geld, was sie auch erhielten. Die Beute verstauten sie in einer mitgebrachten beigefarbenen Stofftasche und flüchteten in Richtung Dudoplatz. Die Polizei fahndet nach den Maskierten. Ob die Pistole tatsächlich echt war, konnte ein Sprecher der Polizei am Dienstag nicht sagen. Auch zur Höhe des erbeuteten Geldes wollte er aus ermittlungstaktischen Gründen keine Angaben machen. Die Ermittler hoffen nun auf Zeugenaussagen.
<http.client.HTTPResponse object at 0x000001CDAC6A6CF8>|"SPD-Fraktionschef Thomas Kutschaty hat die Grünen in NRW für die Verlegung ihres Parteitags an den Hambacher Forst kritisiert. ""Wenn die Grünen sich wirklich für den Hambacher Forst interessieren würden, hätten sie vor zwei Jahren nicht der Rodung zugestimmt"", sagte Kutschaty den ""Westfälischen Nachrichten"". ""Ich stehe zu unserer damaligen Entscheidung."" Die Leitentscheidung zum Braunkohleabbau im Rheinischen Revier war 2016 noch von der rot-grünen Landesregierung getroffen worden.Die Grünen hatten vor einigen Tagen ihren für den 7. Oktober geplanten Landesparteitag von der Bochumer Jahrhunderthalle an den Hambacher Forst verlegt. Damit solle ""ein deutliches Signal an RWE, Landes- und Bundesregierung für einen Rodungsstopp"" gesendet werden, sagte die Vorsitzende der NRW-Grünen, Mona Neubaur. Erwartet werden zwischen 150 und 200 Teilnehmer, darunter etwa 80 Delegierte.RWE will für den Braunkohleabbau mehr als 100 der verbliebenen 200 Hektar Wald abholzen, darf damit aber frühestens im Oktober beginnen. Gegen die Pläne gibt es seit langem Proteste."
<http.client.HTTPResponse object at 0x000001CDAC849630>|Bei einem Verkehrsunfall in Bassum sind vier Menschen verletzt worden. Ein 80-Jähriger habe am Montagabend einem 18-Jährigen beim Einfahren in einen Kreuzungsbereich die Vorfahrt genommen, teilte die Polizei am Dienstagmorgen mit. Der junge Mann konnte nicht mehr rechtzeitig bremsen und krachte mit seinem Fahrzeug, in dem auch seine 15-jährige Beifahrerin saß, in das Auto des betagten Unfallverursachers. Dessen 79-jährige Beifahrerin wurde schwer verletzt und musste mit einem Rettungshubschrauber in ein Krankenhaus geflogen werden. Die anderen Beteiligten wurden leichter verletzt und mit Krankenwagen in eine Klinik gebracht. Die Polizei schätzte den Sachschaden auf 13 000 Euro.
<http.client.HTTPResponse object at 0x000001CDACA20940>|Thüringens Verfassungsgericht wird sich in den nächsten Wochen mit einem Eilantrag der Grünen-Fraktion zur Mitnahme von Babys in Landtagssitzungen befassen. Eine Sprecherin des Verfassungsgerichtshofs in Weimar sagte am Montag auf Anfrage, der Antrag liege jetzt vor. Er richte sich gegen das Parlament und Landtagspräsident Christian Carius.Carius hatte die Grünen-Abgeordnete Madeleine Henfling, die zur August-Sitzung des Parlaments mit ihrem wenige Wochen alten Sohn im Tragegurt erschien, aus dem Saal gewiesen. Er berief sich auf die Geschäftsordnung des Landtags und einen Beschluss des Landtagsvorstandes.Mit dem Eilantrag wolle die Grünen-Fraktion erreichen, dass ihre Abgeordnete zusammen mit ihrem Sohn Zutritt zu den Sitzungen des Landtags erhält, erklärte die Gerichtssprecherin in Weimar. Grünen-Fraktionschef Dirk Adams hofft, dass die Verfassungsrichter bis zur nächsten Landtagssitzung Ende September Klarheit in diser Frage schaffen.
<http.client.HTTPResponse object at 0x000001CDACB84BA8>|"Schauspielerin Jessica Schwarz (41) übernachtet auf Reisen und während Dreharbeiten am liebsten in kleinen Boutique-Hotels. ""Ich mag eher familiäre Hotels, die persönlich geführt sind und in denen die Menschen, die da arbeiten, nett und zuvorkommend sind"", sagte die 41-Jährige in Michelstadt.""Wenn ich ein Hotel für den Urlaub suche, schaue ich nach einem Boutique-Hotel, das was Besonderes hat."" Seit sie selbst Hotel-Besitzerin in ihrer Heimatstadt im Odenwald sei, habe sie mehr Verständnis für die Führung eines Hotels. ""Ich glaube, ich bin dadurch umgänglicher geworden."" Weil sie während Dreharbeiten oft nachts arbeite und tagsüber schlafe, seien ihr leise Zimmer am liebsten, die sich vollständig abdunkeln lassen. ""Also nach hinten raus, nicht direkt am Lift und am liebsten ganz oben."""
<http.client.HTTPResponse object at 0x000001CDACC37160>|"Angesichts der Debatte um den Ausstieg aus der Braunkohleverstromung hat Brandenburgs Wirtschaftsminister Albrecht Gerber (SPD) ein stärkeres Augenmerk auf die Wärmedämmung gefordert. ""Die Energiewende ist mehr als eine Stromwende"", sagte Gerber am Montag beim 20. Brandenburger Energietag in Cottbus.""Der Wärmebedarf von Wohngebäuden, Büroimmobilien und Industriebetrieben ist enorm – und deswegen ist auch das Einsparpotenzial enorm"", sagte Gerber. Mehr als die Hälfte des Energieverbrauchs in Deutschland entfalle auf Wärmeanwendungen, die Stromnutzung mache nur ein Fünftel aus.Die Grünen-Abgeordnete Heide Schinowsky forderte in einer Mitteilung mehr Engagement von Bundes- und Landesregierung im Wärmebereich. ""In den vier Jahren Amtszeit des jetzt scheidenden Energieministers Albrecht Gerber ist die Wärmewende hingegen kein Schwerpunkt-Thema gewesen"", sagte sie.Derzeit berät eine Kommission des Bundes über den Ausstieg aus der Braunkohle. Sie soll zudem prüfen, wie neue Jobs in den Braunkohleregionen wie der Lausitz geschaffen werden können. Die Landesregierung in Potsdam wendet sich gegen einen überhasteten Ausstieg aus der Braunkohle."
<http.client.HTTPResponse object at 0x000001CDAC756198>|"Auf Thüringens ""Nationalspeise"" hatten es Einbrecher im Bratwurstmuseum nicht abgesehen: In der Nacht zum Dienstag drangen sie in ein Büro im 1. Deutschen Bratwurstmuseum in Holzhausen bei Arnstadt ein, ließen aber die Ausstellung links liegen, wie eine Polizeisprecherin mitteilte. Das Büro sei von den Einbrechern durchwühlt und ein Tresor aufgebrochen worden. Die Beute betrage mehrere Hundert Euro.Das Museum, das der Thüringer Bratwurst gewidmet ist, wird von einem Verein getragen. Allein im vergangenen Jahr kamen nach seinen Angaben etwa 50 000 Besucher, darunter viele Touristen aus anderen Bundesländern und dem Ausland. Sie können sich in der Ausstellung über die Herstellung sowie die Geschichte des Wurstklassikers informieren, der seit 2003 als regionale Spezialität in Europa anerkannt ist. Die älteste Bratwurstrechnung der Welt stammt nach Angaben des Vereins aus dem Jahr 1404."
<http.client.HTTPResponse object at 0x000001CDA9285C88>|"Ein neues Register für alle Hersteller und Vertreiber von Verpackungen soll das Recycling-System in Deutschland stärken. Das Register sei online und werde bald auch für die Öffentlichkeit einsehbar, sagte Bundesumweltministerin Svenja Schulze (SPD) am Donnerstag in Berlin.Wer Verpackungen herstellt oder in den Verkehr bringt - darunter auch Pappbecher für Kaffee, Tragetaschen oder Verpackungen im Versandhandel -, muss sich bis zu Ende des Jahres eintragen und damit auch Gebühren an eines der Dualen Systeme zahlen, die das Verpackungs-Recycling in Deutschland organisieren.Eine solche Pflicht gab es bisher zwar auch schon - mangelnde Transparenz führte aber dazu, dass viele ""systempflichtige"" Verpackungen in Umlauf kamen, ohne dass die Hersteller dafür eine Lizenzgebühr zahlten. Bisher seien bei den Wertstoffverpackungen rund ein Drittel nicht an der Finanzierung des Systems beteiligt, beim Papier sogar die Hälfte, sagte Gunda Rachut von der Zentrale Stelle, die von 2019 an das Recycling kontrolliert.Für Verbraucher dürfte es keine Auswirkungen haben, dass künftig mehr Unternehmen für ihre Verpackungen Lizenzgebühren zahlen. Bisher koste das System verteilt auf alle Konsumanschaffungen jeden Verbraucher etwa 12,50 Euro pro Jahr, daher seien die Änderungen ""nicht im merklichen Bereich"", sagte Rachut.Für die Kontrolle des 
        Registers solle künftig vor allem die Konkurrenz unter den Unternehmen sorgen - diese hätten erfahrungsgemäß ein Auge auf Mitbewerber. Auch Händler könnten leicht prüfen, ob alle ihre Lieferanten registriert seien. Unternehmen, die sich nicht registrieren, drohen Vertriebsverbote und Bußgelder.
      Das Register ist ein Baustein des neuen 
        Verpackungsgesetzes, das auch die Recycling-Quote in Deutschland von derzeit 26 Prozent auf 63 Prozent vom Jahr 2022 an erhöht. Außerdem müssen Duale Systeme wie der Grüne Punkt bei ihren Lizenzgebühren recyclingfreundliche Verpackungen günstiger machen als solche, die sich schlecht wiederverwerten lassen. Im Jahr 2016 verbrauchten die Deutschen 220,5 Kilo 
        Verpackungen pro Kopf. Online-Shopping, kleinere Portionen und die Gewohnheit, Essen und Trinken zum Mitnehmen zu kaufen oder liefern zu lassen, treiben die Menge nach oben.
      Die kommunalen Müllabfuhren zeigten sich kritisch: ""Das Verpackungsregister ist ein erster Schritt, ob es uns dem Ziel näher bringt, wird sich zeigen"", sagte ein Sprecher des Verbands kommunaler Unternehmen (VKU). Es brauche striktere, rechtlich verpflichtende Vorgaben zum Produktdesign und zur Verwendung von recyceltem Material für die Hersteller."
<http.client.HTTPResponse object at 0x000001CDA9285278>|"Eine der stärksten Befestigungstürme Europas soll den Eigentümer wechseln. Der mittelalterliche Goslarer Zwinger mit seinen rund sechseinhalb Meter dicken Mauern, der sich seit mehreren Generationen in Privatbesitz befindet, wird am 20. September versteigert. Die ""Deutsche Grundstücksauktionen AG"", die den Wehrturm bei ihrer Herbst-Auktion am 20. und 21. September in Berlin anbietet, bezifferte das Startgebot auf 850 000 Euro.""Dass die derzeitigen Eigentümer den Goslarer Zwinger verkaufen wollen, ist uns schon länger bekannt"", sagte Oberbürgermeister Oliver Junk (CDU). ""Deshalb gab es bereits Gespräche mit der Denkmalpflege und den Eigentümern, um Ideen zu entwickeln, wie man den Zwinger noch attraktiver machen kann.""Der rund 20 Meter hohe mehrgeschossige Wehrturm, der einen Durchmesser von 26 Metern hat, wurde im frühen 16. Jahrhundert zum Schutz Goslars erbaut. Heute beherbergt er ein Restaurant, einige Ferienwohnungen und ein Museum. Dort werden Ritterrüstungen, Waffen und mittelalterliche Folterinstrumente gezeigt."
<http.client.HTTPResponse object at 0x000001CDA7C67080>|Nachdem Rheinland-Pfalz und das Saarland am Mittwoch mit hochsommerlichen Temperaturen von bis zu 31 Grad rechnen können, kühlt es sich zum Ende der Woche wieder ab. Am Donnerstag ist es zum Teil stark bewölkt mit nur wenig Auflockerungen, wie der Deutsche Wetterdienst (DWD) am Dienstag in Offenbach mitteilte. Im Norden muss anfangs mit Regen gerechnet werden, der im Tagesverlauf nachlässt. Die Temperaturen liegen zwischen 19 Grad in der Eifel und 25 Grad in der Vorderpfalz.In der Nacht zum Freitag sinken die Temperaturen auf 13 bis 8 Grad. Der Freitag beginnt dann vielerorts bewölkt aber überwiegend niederschlagsfrei. Die Höchsttemperaturen liegen zwischen 18 und 21 Grad. Der Wind weht schwach bis mäßig aus Richtung Westen.
<http.client.HTTPResponse object at 0x000001CDAC263748>|"Mit seinem Rollstuhl war ein Rentner in Schwieberdingen (Kreis Ludwigsburg) in Richtung Bundesstraße 10 unterwegs und musste von der Polizei gestoppt werden. Mehrere Autofahrer alarmierten am Mittwoch die Polizei. Einer griff schließlich ein und hielt den 94 Jahre alten Mann auf der Anschlussstelle zur B 10 bis zum Eintreffen der Beamten auf. ""Wir wissen nicht, wie viele Kilometer er bis dahin schon zurückgelegt hatte"", sagte eine Sprecherin der Polizei am Donnerstag. Der Rentner wohnte in einem einige Hundert Meter entfernten Seniorenheim und hatte mutmaßlich den Weg nicht mehr zurückgefunden.Da sein elektrisches Gefährt nicht in den Streifenwagen passte, eskortierte ihn die Polizei: Im Schritttempo begleitete eine Beamtin ihn zurück ins Heim, ein Streifenwagen fuhr hinterher."
<http.client.HTTPResponse object at 0x000001CDA92D63C8>|"Ein brennender Traktor hat in einer oberbayerischen Werkstatt 80 000 Euro Schaden angerichtet. Wie die Polizei am Dienstag mitteilte, wurde bei dem Brand am Montagabend in Warngau (Landkreis Miesbach) niemand verletzt. ""Das Feuer konnte durch die örtlichen Feuerwehren sehr rasch abgelöscht werden"", berichtete die Polizei. Warum der Traktor in der Werkstatt in Flammen aufging, war zunächst nicht geklärt. Brandstiftung wird aber ausgeschlossen."
<http.client.HTTPResponse object at 0x000001CDAC0709E8>|"Aldi kennt jeder, die Aldi-Chefs kaum jemand. Denn die sprichwörtliche Verschwiegenheit des Aldi-Clans gilt auch für die Führung des Discounters. Doch bei Aldi-Nord kann die Öffentlichkeit nun ungewohnt tiefe Einblicke in die Vorgänge in der Leitung des Discountriesen nehmen.Der Grund: Aldi-Nord-Chef Marc Heußinger hat das Unternehmen gut vier Jahre vor Ablauf seines Vertrages Knall auf Fall verlassen.Der 52-Jährige habe ""darum gebeten, ihn von seiner Funktion und seinen Aufgaben zu entbinden"", teilte das Unternehmen mit. Zuvor hatte bereits das ""Manager Magazin"" darüber berichtet. Bis auf weiteres hat Heußingers bisheriger Stellvertreter Torsten Hufnagel (45) die Gesamtverantwortung im Verwaltungsrat übernommen. ""Damit ist die Unternehmensgruppe voll handlungsfähig"", betonte der Discounter.Heußinger hatte den Chefsessel bei Aldi Nord 2011 übernommen. Es war eine schwierige Zeit für den Discounter. Denn der Billiganbieter drohte damals den Anschluss an das Schwesterunternehmen Aldi Süd und den Konkurrenten Lidl zu verlieren.So kam es in seiner Amtszeit zu einer grundsätzlichen Neuausrichtung. Mehr frische Produkte, mehr Markenartikel und hübschere Läden sollten dem Unternehmen neuen Schwung geben. Zurzeit investiert der Billiganbieter im Zuge des Projekts Aniko (Aldi Nord Instore Konzept), dem größten Investitionsvorhaben der Unternehmensgeschichte, mehr als fünf Milliarden Euro in die Modernisierung der Filialen.Doch gerade um dieses Projekt soll es zuletzt Auseinandersetzungen innerhalb der Führungsspitze gegeben haben. Wie die Deutsche Presse-Agentur erfuhr, wurde Heußinger innerhalb des Unternehmens und von den Eigentümerfamilien vorgeworfen, er setze das vor einem Jahr beschlossene Modernisierungsprogramm nicht schnell genug um. Außerdem seien die Wachstumsraten des Discounter-Konzerns hinter den Erwartungen geblieben.Heußinger seinerseits soll sich darüber beklagt haben, dass seine Entscheidungen immer wieder angezweifelt worden seien und er bei der Umsetzung behindert worden sei. Aus seinem Umfeld heißt es, er habe den Eindruck gehabt, dass die Jakobus-Stiftung, die ein Drittel von Aldi Nord besitzt, ihm kein Vertrauen mehr entgegen gebracht habe. Ein Sprecher wollte die Informationen nicht kommentieren. Mitarbeiter berichten, dass Heußinger in den vergangenen Wochen wie gelähmt gewirkt habe. Er hat das Unternehmen nach dpa-Informationen bereits verlassen.Beigetragen zu den Problemen hat wohl auch die komplizierte Eigentümerstruktur bei dem Discounter. Das Unternehmen ist im Besitz von drei Stiftungen: der Markus- und der Lukas-Stiftung, die von der Gründerwitwe Cäcilie Albrecht und ihrem Sohn Theo Albrecht Junior kontrolliert werden, sowie der Jakobus-Stiftung, bei der Nachkommen von Theos 2012 gestorbenem Bruder Berthold das Sagen haben. Große Investitionen und wichtige Entscheidungen können von den Stiftungen nur einstimmig freigegeben werden.Bei Aldi Nord hat nun erst einmal Heußingers Stellvertreter Hufnagel das Ruder übernommen. Er gilt auch als aussichtsreichster Kandidat bei der endgültigen Besetzung des Chefpostens. Denn Hufnagel wurde bei Aldi Nord seit Jahren aufgebaut, genau mit dem Ziel, einmal an die Spitze des Discounters zu rücken. Er gilt als Architekt des milliardenschweren Modernisierungsprogramms. Im Unternehmen erwartet man, dass dieses nun deutlich schneller umgesetzt wird und die angestaubten Filialen bald alle umgebaut sind."
<http.client.HTTPResponse object at 0x000001CDAC321BE0>|"CSU-Generalsekretär Markus Blume gibt den Grünen eine Mitschuld am Erfolg der AfD. ""Wenn man Menschen verbietet, bestimmte Fragen zu stellen, und ihre Sorgen nicht ernst nimmt, wenn man für deren Meinung keinen Platz im öffentlichen Diskurs lässt, dann führt diese grüne Meinungspolizei zur Radikalisierung von politischen Positionen"", sagte er der ""Bild am Sonntag"". Die Grünen seien ""eine zutiefst intolerante Partei"" und hätten die Spaltung im Land vertieft. ""Die Grünen sind mitverantwortlich für den Aufstieg der AfD.""Blume äußerte sich inmitten des bayerischen Landtagswahlkampfs. Dort wird am 14. Oktober gewählt. Nach den Umfragen könnte die CSU ihre Alleinregierung verlieren. Ministerpräsident Markus Söder hatte die Grünen kürzlich an Stelle der schwächelnden SPD zu einem Hauptgegner erklärt."
<http.client.HTTPResponse object at 0x000001CDAC9FC240>|"Bei einem Brand auf einem Geflügelhof in Balve im Sauerland ist eine Brüterei komplett abgebrannt. Die Nachlöscharbeiten dauerten am Samstagmittag noch an. Wie viele Küken am Samstag Opfer der Flammen geworden sind, wird noch ermittelt. Laut Feuerwehr waren insgesamt rund 70 Feuerwehrleute im Einsatz. ""Das Gebäude liegt außerhalb der öffentlichen Löschwasserversorgung"", so ein Sprecher. ""Daher gab es zwischenzeitlich Probleme beim Löschen."" Örtliche Feuerwehren waren zur Hilfe gekommen und haben Löschwasser gebracht. Ein Gebäudeteil neben der Brüterei konnte so vor einem Übergreifen der Flammen gerettet werden. Laut Polizei liegt die Höhe des Sachschadens bei 150 000 Euro. Die Ursache für den Brand ist noch unklar."
<http.client.HTTPResponse object at 0x000001CDA9285FD0>|"Bundesinnenminister Horst Seehofer erwartet heute eine Erklärung von Verfassungsschutz-Präsident Hans-Georg Maaßen wegen dessen umstrittener Äußerungen zu den Geschehnissen in Chemnitz. Maaßen habe bis Montag ""einen Bericht an das Bundesinnenministerium zu erstatten"", sagte Seehofer am Abend im ARD-""Bericht aus Berlin"". Maaßen hatte in einem Interview unter anderem gesagt, seiner Behörde lägen keine belastbaren Hinweise vor, dass Hetzjagden auf Ausländer stattgefunden hätten. Viele, auch Ermittler, sehen das anders."
<http.client.HTTPResponse object at 0x000001CDACB17780>|"CDU-Generalsekretärin Annegret Kramp-Karrenbauer ist klar gegen eine Ausgrenzung von Menschen muslimischen Glaubens in der CDU. ""Wer in der CDU keinen Platz hat, das sind Fundamentalisten"", sagte Kramp-Karrenbauer am Samstag auf dem Parteitag der hessischen CDU in Offenbach. ""Die wollen wir nicht in unseren Reihen haben."" Das gelte aber für alle Fundamentalisten, ""egal ob sie muslimisch, christlich oder jüdisch sind"".""Aber alle anderen, die sich unseren Werten verpflichtet fühlen, die finden bei uns eine politische Heimat"", betonte die CDU-Generalsekretärin. Das sei der Gründungsgedanke der CDU: Spaltung überwinden und zusammenführen, ""und dem müssen wir verpflichtet bleiben"". Kramp-Karrenbauer reagierte damit auf eine Äußerung der sächsische CDU-Bundestagsabgeordneten Veronika Bellmann, die sich in der Zeitung ""Junge Freiheit"" gegen eine Mitgliedschaft von Muslimen in der CDU ausgesprochen hatte.""Für mich ist die entscheidende Frage: Zu welchen Werten stehst Du? Da spielen für mich Herkunft, Geschlecht, Religion, sexuelle Identität oder was auch immer keine Rolle"", erklärte Kramp-Karrenbauer in der ""Bild""-Zeitung. Auf die Frage, ob Muslime zur CDU passen, antwortete sie: ""Eindeutig ja!"". Eine CDU-Mitgliedschaft sei ""ein Bekenntnis zu den Grundwerten unseres Staates und den Grundwerten unserer Partei."""
<http.client.HTTPResponse object at 0x000001CDB1D32278>|Ein betrunkener Autofahrer ist in Kiel mit einem Polizeiauto kollidiert. Dabei wurde eine 35 Jahre alte Polizistin am frühen Sonntagmorgen leicht verletzt, wie die Polizei am Montag mitteilte. Sie musste in einem Krankenhaus behandelt werden. Ein gleichaltriger Autofahrer war mit offenbar zu hohem Tempo in Richtung Landtag unterwegs als der Unfall passiert. Bei ihm wurde ein Atemalkoholwert von 1,77 Promille festgestellt. Der Streifenwagen war nach dem Zusammenstoß nicht mehr fahrbereit.
<http.client.HTTPResponse object at 0x000001CDAC6A6E48>|Der Verband der Südwestdeutschen Wohnungswirtschaft (VdW südwest) diskutiert heute und morgen in Ingelheim über wohnungspolitische Herausforderungen in Hessen und im südlichen Rheinland-Pfalz. Das Hauptthema des diesjährigen Verbandstags ist die Angleichung der Lebensverhältnisse von Menschen in der Stadt und auf dem Land. Erwartet werden die rheinland-pfälzische Ministerpräsidentin Malu Dreyer, Bauministerin Doris Ahnen (beide SPD) und Axel Gedaschko, Präsident des GdW Bundesverbandes deutscher Wohnungs- und Immobilienunternehmen.
<http.client.HTTPResponse object at 0x000001CDAC665128>|"Nach dem tödlichen Streit in Köthen haben sich nach Schätzungen rund 500 Menschen am Sonntagabend an einem sogenannten Trauermarsch beteiligt. Rechte Gruppierungen hatten in sozialen Netzwerken zur Teilnahme an der Aktion in der Stadt in Sachsen-Anhalt aufgerufen. Die Teilnehmer zogen nach Augenzeugenberichten schweigend und ohne Transparente oder Spruchbänder durch die Straße in Richtung eines Spielplatzes, wo sich der Streit ereignet hatte. Dort legten Teilnehmer Blumen nieder.Zuvor hatten rund 50 Menschen gegen rechte Hetze demonstriert. Sie waren dem Aufruf der Linken-Politikerin Henriette Quade gefolgt und hatten sich am Bahnhof der Stadt versammelt. ""Wo sich der Mob formiert, funken wir dazwischen"", war auf Spruchbändern zu lesen.Nach einem nächtlichen Streit war in Köthen ein 22 Jahre alter Deutscher gestorben. Die Polizei nahm zwei Afghanen im Alter von 18 und 20 Jahren fest. Nach Angaben der Polizei starb der Mann an akutem Herzversagen. Dieses habe nicht ""im direkten kausalen Zusammenhang mit den erlittenen Verletzungen"" gestanden, teilte die Polizeidirektion Sachsen-Anhalt Ost am Sonntagabend mit Blick auf das vorläufige Obduktionsergebnis mit."
<http.client.HTTPResponse object at 0x000001CDAC892A58>|Ein Feuer in einem Krankenhaus in Hagen ist am Montag glimpflich verlaufen. Wie Feuerwehr und Polizei mitteilten, ist niemand verletzt worden. Wegen starker Rauchentwicklung mussten zwei Etagen der evangelischen Einrichtung im Stadtteil Hagen-Haspe geräumt werden, wie ein Sprecher der Polizei sagte. Zahlreiche Einsatzkräfte waren vor Ort, um Patienten zu verlegen und den Bereich abzusichern. Das Feuer sei schnell unter Kontrolle gewesen, hieß es bei der Polizei weiter.
<http.client.HTTPResponse object at 0x000001CDACD0CCC0>|"Beim Vermischen von Chemikalien sind auf der Kieler Werft ThyssenKrupp Marine Systems (TKMS) am Dienstag mehrere Mitarbeiter verletzt worden. Bei der Glasfaser-Produktion habe es am Vormittag Rauchentwicklung gegeben, sagte ein Werftsprecher. Anschließend hätten zwei der sieben zu der Zeit vor Ort anwesenden Mitarbeiter über leichte Atemwegsreizungen geklagt. Alle sieben seien zur Sicherheit vorübergehend zur Beobachtung in ein Krankenhaus gebracht worden. Neben der Werks- war auch die Berufsfeuerwehr Kiel im Einsatz. Zuvor hatten NDR 1 Welle Nord und die ""Kieler Nachrichten"" über den Vorfall berichtet."
<http.client.HTTPResponse object at 0x000001CDB0AD8908>|Im Fall des tödlichen Streits in Köthen ist am Abend Haftbefehl gegen die beiden Verdächtigen ergangen. Der Vorwurf gegen die jungen Afghanen lautet Verdacht der Körperverletzung mit Todesfolge. Sie sollen in der Nacht zu Sonntag mit anderen Männern in Streit geraten sein. Ein 22-jähriger Deutscher starb - wie die Obduktion ergab, an Herzversagen. Nach dpa-Informationen gab es zunächst keine Hinweise für irgendeine Art von schwerster Gewalteinwirkung. Am Abend kamen rund 2500 Menschen zu einer Kundgebung, zu der rechte Gruppierungen aufgerufen hatten.
<http.client.HTTPResponse object at 0x000001CDA7BB9CC0>|"Ein Mann, der in Chemnitz aus einer spontanen Demonstration heraus ausländisch aussehende Menschen attackiert haben soll, war angeblich Mitarbeiter einer bundesweit tätigen Sicherheitsfirma. Das berichtet das ZDF-Magazin ""Frontal 21"" (Dienstag). Demnach habe ein Sprecher des Unternehmens Securitas bestätigt, dass der Vorfall und der Mitarbeiter dort bekannt seien. Schon Ende August habe man sich ""mit sofortiger Wirkung von dem Mitarbeiter getrennt, weniger als zwölf Stunden, nachdem uns das Video bekannt wurde"", wird der Sprecher zitiert.Auf dem Video vom 26. August, dessen Echtheit Verfassungsschutzpräsident Hans-Georg Maaßen zunächst angezweifelt hatte, ist zu sehen, wie Männer hinter anderen Menschen herrennen. Dabei sind Rufe zu hören wie ""Haut ab! Was ist denn, ihr Kanaken?"" und ""Ihr seid nicht willkommen!"". ""Securitas Deutschland hat gegenüber rechtsradikaler oder fremdenfeindlicher Gesinnung eine Null-Toleranz-Politik"", sagte der Unternehmenssprecher laut ZDF.Die Spontandemo war unter anderem von der rechten Hooligan-Gruppe ""Kaotic Chemnitz"" initiiert worden. Anlass dafür war der Tod eines 35-jährigen Deutschen am frühen Morgen des 26. August. Er war niedergestochen worden. Tatverdächtig sind drei Asylbewerber aus Syrien und dem Irak, von denen zwei in Untersuchungshaft sitzen. Nach dem dritten Mann wird gefahndet."
<http.client.HTTPResponse object at 0x000001CDA9326278>|"Politiker und Kirchenvertreter haben nach dem Tod eines 22-Jährigen in Köthen zur Besonnenheit aufgerufen. ""Ich kann nur appellieren, dass nicht Gewalt mit Gewalt quittiert wird"", sagte der Köthener Kreisoberpfarrer Lothar Scholz am Tatort auf einem Spielplatz. Der Landrat des Kreises Anhalt-Bitterfeld, Uwe Schulze, sagte: ""Wir gehen davon aus, dass der deutsche Rechtsstaat Recht walten lässt. Wir wissen aber noch nicht genau, was passiert ist."" Zwischen zwei Männergruppen hatte es Streit gegeben. Zwei Afghanen wurden wegen des Anfangsverdachts eines Tötungsdelikts festgenommen."
<http.client.HTTPResponse object at 0x000001CDAC3D16A0>|Ausgerechnet am heiligen Sonntag ist in das Pfarrhaus in Kirchhaslach (Landkreis Unterallgäu) eingebrochen worden. Bislang unbekannte Täter verschafften sich am Abend über die Terrassentüre Zugang zum Gebäude und schafften einen mehrere Hundert Kilogramm schweren Tresor nach draußen, wie die Polizei am Sonntag mitteilte. Da dieser aber nicht abtransportiert wurde, wurden die Einbrecher möglicherweise gestört. Im Rahmen der Ermittlungen stellte sich heraus, dass schon am Vormittag in das Pfarrhaus eingebrochen wurde. Dabei wurden geringe Mengen an Bargeld gestohlen. Die Polizei leitete am Abend eine erfolglose Fahndung ein, für die auch ein Hubschrauber im Einsatz war. Die Ermittler suchen jetzt nach Zeugen.
<http.client.HTTPResponse object at 0x000001CDA7BB9C88>|Nicht nur Honig, sondern auch das Harz der Bienen ist ein häufig genutzter Stoff in Kosmetik- und Pflegeprodukten. Warum eigentlich?Propolis, wie Bienenharz auch genannt wird, beinhaltet eine Vielzahl an unterschiedlichen Stoffen, darunter Vitamine, Öle und Flavonoide, erläutert der Industrieverband Körperpflege- und Waschmittel (IKW) in Frankfurt. Es wirkt gegen trockene, beanspruchte oder verletzte Haut, außerdem spendet es Feuchtigkeit.Propolis kommt zum Beispiel in Cremes und Produkten zur Lippenpflege zum Einsatz. Allerdings rät der IKW Allergikern zur Vorsicht: Wie manche andere Naturstoffe auch kann Propolis Kontaktallergien auslösen.Bienenharz wird von Honigbienen hergestellt und besteht aus verschiedenen Baumharzen, Pollen und Sekreten. Der natürliche Stoff hat eine harzähnliche Konsistenz und einen aromatischen Geruch. Die Bienen nutzen die klebrige Substanz als Baumaterial, um beispielsweise Öffnungen im Bienenstock zu verschließen. Zudem sorgt das Harz dafür, dass der Bienenstock keimfrei bleibt.
<http.client.HTTPResponse object at 0x000001CDAC0A7B38>|"Der japanische Autobauer Toyota ruft wegen des Risikos von Kurzschlüssen im Motorraum weltweit mehr als eine Million Wagen in die Werkstatt. In Deutschland seien mit 22.089 Stück aber nur vergleichsweise wenige Exemplare betroffen, teilte Toyota Deutschland mit.Zuvor hatte das Fachmagazin ""kfz-betrieb"" darüber berichtet. Es handelt sich laut Toyota um eine freiwillige, kostenlose Aktion - unmittelbare Gefahr bestehe nicht.Der Rückruf erstreckt sich auf Modelle des Prius, die zwischen Juli 2015 und Mai 2018 gebaut wurden. Außerdem geht es um Plug-in-Hybride des Prius (März 2016 bis Mai 2018) sowie des Toyota C-HR (Mai 2016 bis Mai 2018). Nach Angaben des Autobauers kann ein Kabelbaum im Motorraum auf die Kante einer Abdeckung drücken und im Laufe der Zeit durch Reibung beschädigt werden. Werde die Isolierung stark in Mitleidenschaft gezogen, könnte ein Kurzschluss folgen."
<http.client.HTTPResponse object at 0x000001CDAC1AAB70>|"Die Evangelische Landeskirche Anhalts will nach dem tödlichen Streit in Köthen Spenden für die Bestattung des Opfers sammeln. Die Spendensammlung sollte mit einer Trauerandacht am Sonntagnachmittag beginnen und noch einige Tage dauern, sagte Kirchenpräsident Joachim Liebig. ""Der Tod eines Menschen ist der schlechteste Anlass für eine Instrumentalisierung"", sagte Liebig. ""Es betrifft die ganze Gemeinschaft, wenn jemand so aus ihrer Mitte zu Tode kommt."" Zu der Andacht kamen etwa 300 Menschen, darunter auch mehrere Politiker.Nach einem Streit zwischen zwei Männergruppen am späten Samstagabend war ein 22-Jähriger gestorben. Zwei Afghanen wurden festgenommen. Die Hintergründe waren zunächst unklar."
<http.client.HTTPResponse object at 0x000001CDA6FC3A90>|Ein Jahr nach ihrem Start vergrößert sich die neue Kunstmesse Art Düsseldorf. Zur zweiten Auflage vom 16. bis 18. November 2018 seien 92 etablierte und junge Galerien aus 19 Ländern angemeldet, teilte die Art Düsseldorf am Montag mit. Die Ausstellungsfläche im Areal Böhler werde um zehn Prozent vergrößert. Angeboten wird moderne und zeitgenössische Kunst von 1945 bis 2018. Rund die Hälfte der teilnehmenden Galerien komme aus der Region und den Benelux-Ländern.Bei der Premiere der Art Düsseldorf 2017 waren rund 80 Galerien vertreten. Die neue Kunstmesse gilt als Konkurrenz zur größeren Art Cologne. An der Art Düsseldorf ist die Schweizer Messegesellschaft MCH beteiligt. Sie veranstaltet auch die weltweit wichtigste Kunstmesse Art Basel.
<http.client.HTTPResponse object at 0x000001CDACA2EBA8>|"Die Linke im Schweriner Landtag dringt auf einen baldigen Start der inhaltlichen Arbeit im NSU-Untersuchungsausschuss und fordert vom Landtag die Bereitstellung der benötigten Räume. ""Ich bin sehr beunruhigt, dass die Arbeitsbedingungen noch immer nicht hergestellt worden sind"", sagte der Linken-Abgeordnete Peter Ritter am Montag in Schwerin. Das elfköpfige Gremium war im April vom Parlament eingesetzt worden. Es soll die Aktivitäten des NSU im Nordosten sowie mögliche Ermittlungspannen bei der Suche nach der rechtsextremistischen Terrorgruppe untersuchen, der zehn Morde zur Last gelegt werden. Nach Meinung Ritters haben überzogene Sicherheitsvorgaben der Behörden für Tagungs- und Leseräume des Ausschusses dessen Arbeit unnötig verzögert. In anderen Bundesländern seien die Anforderungen niedriger gewesen, hieß es nach einem Treffen Ritters mit Parteikollegen aus den NSU-Landtagsauschüsse in Thüringen und Brandenburg."
<http.client.HTTPResponse object at 0x000001CDAC7C8160>|"Nach den tödlichen Schüssen auf den Intensivstraftäter Nidal R. befürchten Sicherheitsexperten eine Eskalation zwischen kriminellen Mitgliedern arabischer Großfamilien. ""Wer die Szene halbwegs beobachtet, weiß, dass die tödliche Attacke am Sonntag ein klares Ausrufezeichen war, das bei allen Clans verstanden und garantiert nicht ungesühnt bleiben wird"", sagte Norbert Cioma, Berliner Vorsitzender der Gewerkschaft der Polizei (GdP), der ""Berliner Morgenpost"" (Dienstag). ""Dass sie ihre Auseinandersetzungen gewalttätig und ohne Skrupel auf Berlins Straßen austragen, ist die Folge dessen, dass sie jahrzehntelang keinen durchsetzungsstarken Rechtsstaat gespürt haben.""Nidal R. war am Sonntagabend am Rande des Tempelhofer Feldes in Berlin-Neukölln vor den Augen seiner Familie niedergeschossen worden. Die Täter flüchteten. Der 36-Jährige erlag später im Krankenhaus in Steglitz seinen schweren Verletzungen. Vor der Klinik hatte sich eine aufgebrachte Menschenmenge versammelt. Die Berliner Polizei war mit einem Großaufgebot im Einsatz.Der Leiter der Abteilung Organisierte Kriminalität im Landeskriminalamt, Sebastian Laudan, hatte am Montag im Innenausschuss auf zahlreiche Aktionen gegen kriminelle Mitglieder von arabischstämmigen Clans verwiesen. Außerdem werde mit Sorge eine ""Tendenz zur Bewaffnung"" beobachtet. Vor allem die Rapper-Szene formiere sich neu und wachse verstärkt."
